mfc1,mfc2,mfc3,mfc4,mfc5,mfc6,mfc7,mfc8,mfc9,mfc10,x1,y1,x2,y2,n,split
0.0,0.0129,0.0306,0.0686,0.062,0.0,0.0169,0.035,0.0995,0.0812,11930.0,3100.0,,,1,train
0.1861,0.0603,0.047,0.0741,0.0642,0.0594,0.0518,0.0497,0.1045,0.085,11930.0,3100.0,930.0,100.0,2,train
0.1815,0.0516,0.0213,0.0131,0.009,0.0549,0.0412,0.0213,0.0124,0.0292,930.0,100.0,,,1,train
0.194,0.084,0.1669,0.1477,0.0492,0.067,0.0686,0.0696,0.0683,0.0592,930.0,100.0,9930.0,850.0,2,train
0.0187,0.0404,0.1504,0.1399,0.0459,0.0187,0.037,0.0554,0.0622,0.0574,9930.0,850.0,,,1,test
0.1394,0.1784,0.2134,0.1632,0.056,0.1244,0.1594,0.1167,0.0856,0.0667,9930.0,850.0,4930.0,2350.0,2,test
0.1228,0.1433,0.0692,0.0306,0.0159,0.109,0.1293,0.0684,0.0312,0.0367,4930.0,2350.0,,,1,train
0.129,0.156,0.094,0.0536,0.0282,0.1159,0.153,0.1864,0.0809,0.0487,4930.0,2350.0,9180.0,4600.0,2,test
0.0223,0.0292,0.0363,0.0341,0.0222,0.0235,0.0437,0.1338,0.0626,0.0442,9180.0,4600.0,,,1,train
0.0491,0.1029,0.0804,0.0466,0.0255,0.0426,0.0768,0.1576,0.0723,0.0467,9180.0,4600.0,6180.0,1600.0,2,train
0.0425,0.0892,0.0548,0.0226,0.012,0.0351,0.0517,0.0381,0.0213,0.0331,6180.0,1600.0,,,1,train
0.0429,0.0913,0.0631,0.0535,0.1134,0.0355,0.054,0.0463,0.0577,0.1642,6180.0,1600.0,14680.0,3100.0,2,train
0.0154,0.0182,0.0201,0.0413,0.1809,0.0159,0.0213,0.0223,0.0478,0.1608,14680.0,3100.0,,,1,train
0.009,0.0227,0.0877,0.082,0.119,0.0103,0.0217,0.0328,0.0618,0.1675,14680.0,3100.0,9680.0,350.0,2,train
0.0094,0.0214,0.0795,0.0524,0.0214,0.0108,0.0204,0.0255,0.0275,0.0403,9680.0,350.0,,,1,train
0.0499,0.0978,0.1199,0.0638,0.0234,0.0422,0.0655,0.0545,0.0378,0.0409,9680.0,350.0,5930.0,1850.0,2,train
0.0478,0.0872,0.0502,0.0223,0.0124,0.0406,0.0585,0.0404,0.0218,0.0341,5930.0,1850.0,,,1,train
0.0666,0.1135,0.076,0.0355,0.0174,0.0643,0.1468,0.1125,0.0392,0.0381,5930.0,1850.0,6180.0,3600.0,2,train
0.0262,0.0361,0.0326,0.0213,0.0124,0.0332,0.101,0.0821,0.0262,0.0342,6180.0,3600.0,,,1,train
0.0327,0.0505,0.0614,0.0494,0.026,0.0406,0.1249,0.1785,0.0869,0.0512,6180.0,3600.0,9430.0,4350.0,2,train
0.0152,0.0246,0.03555,0.0355,0.0222,0.0172,0.037,0.1072,0.0693,0.0455,9430.0,4350.0,,,1,train
0.1088,0.0713,0.0532,0.0414,0.024,0.1339,0.0903,0.1251,0.0747,0.0468,9430.0,4350.0,2180.0,3350.0,2,train
0.1015,0.0562,0.0247,0.0137,0.0,0.1256,0.0654,0.027,0.0135,0.0306,2180.0,3350.0,,,1,train
0.146,0.115,0.0524,0.0218,0.0089,0.1644,0.1157,0.0525,0.0215,0.0306,2180.0,3350.0,5180.0,2350.0,2,train
0.0525,0.0676,0.0347,0.0169,0.009,0.048,0.0618,0.0343,0.0169,0.0311,5180.0,2350.0,,,1,train
0.091,0.0988,0.0509,0.023,0.0108,0.1507,0.1512,0.0569,0.0235,0.0321,5180.0,2350.0,4180.0,4850.0,2,train
0.0451,0.04,0.0227,0.0138,0.0019,0.1113,0.1012,0.0311,0.0147,0.0307,4180.0,4850.0,,,1,train
0.0,0.0135,0.0206,0.039,0.039,0.0037,0.0166,0.028,0.1101,0.0728,11930.0,3850.0,,,1,train
0.0739,0.1415,0.0431,0.0457,0.0413,0.0364,0.0431,0.0424,0.1154,0.075,11930.0,3850.0,4680.0,100.0,2,train
0.0713,0.1351,0.0281,0.0135,0.0,0.342,0.0367,0.022,0.0129,0.0309,4680.0,100.0,,,1,train
0.1046,0.2382,0.0785,0.0269,0.0114,0.0566,0.0685,0.0455,0.0235,0.0323,4680.0,100.0,6180.0,850.0,2,train
0.0342,0.0997,0.0521,0.0183,0.0092,0.0274,0.0387,0.0291,0.0165,0.03,6180.0,850.0,,,1,train
0.0366,0.1051,0.0669,0.0556,0.0651,0.0297,0.0451,0.0475,0.1244,0.1352,6180.0,850.0,12930.0,4350.0,2,train
0.0,0.0107,0.0194,0.0423,0.0598,0.01,0.0168,0.0255,0.1135,0.1317,12930.0,4350.0,,,1,train
0.0313,0.0323,0.0329,0.0477,0.0616,0.067,0.1337,0.0477,0.119,0.1334,12930.0,4350.0,4930.0,4850.0,2,train
0.0301,0.0284,0.0191,0.0117,0.0,0.0653,0.1279,0.0308,0.0129,0.0305,4930.0,4850.0,,,1,test
0.0377,0.0425,0.0519,0.0478,0.0282,0.073,0.1483,0.0911,0.0796,0.0508,4930.0,4850.0,9930.0,3600.0,2,train
0.0,0.0169,0.0356,0.0408,0.0252,0.0118,0.0273,0.0657,0.0718,0.0484,9930.0,3600.0,,,1,train
0.1631,0.0546,0.049,0.0455,0.0271,0.0553,0.0554,0.0776,0.0762,0.0506,9930.0,3600.0,430.0,100.0,2,train
0.1553,0.0396,0.0156,0.0017,0.0,0.047,0.0342,0.0165,0.0,0.0288,430.0,100.0,,,1,train
0.1562,0.042,0.0242,0.0422,0.1276,0.0479,0.0367,0.0244,0.0404,0.1128,430.0,100.0,14430.0,2350.0,2,train
0.0,0.0,0.0128,0.0386,0.1256,0.0,0.0117,0.0147,0.037,0.1111,14430.0,2350.0,,,1,test
0.0155,0.0471,0.1561,0.0592,0.1326,0.0151,0.0286,0.0347,0.0505,0.1168,14430.0,2350.0,7930.0,100.0,2,train
0.0171,0.0458,0.1469,0.0262,0.0117,0.0163,0.0274,0.0274,0.0197,0.0339,7930.0,100.0,,,1,train
0.0186,0.0502,0.1608,0.0769,0.095,0.018,0.0324,0.0414,0.0694,0.1045,7930.0,100.0,13180.0,2600.0,2,train
0.0,0.0,0.0171,0.0556,0.0871,0.0,0.0126,0.0195,0.055,0.0986,13180.0,2600.0,,,1,train
0.0,0.0,0.0195,0.0581,0.0713,0.0,0.0126,0.0224,0.0676,0.0932,12680.0,2850.0,,,1,train
0.0,0.023,0.0898,0.0754,0.0277,0.0108,0.0244,0.0385,0.0409,0.0457,9680.0,1350.0,,,1,train
0.0123,0.0287,0.1058,0.1346,0.1236,0.0145,0.031,0.0528,0.0834,0.1055,9680.0,1350.0,13180.0,2100.0,2,test
0.0,0.0084,0.0179,0.0635,0.1002,0.0,0.0129,0.0188,0.0474,0.0881,13180.0,2100.0,,,1,train
0.0436,0.037,0.0332,0.0696,0.1028,0.1035,0.0806,0.0385,0.0536,0.0901,13180.0,2100.0,3930.0,4350.0,2,train
0.0416,0.0329,0.0184,0.0111,0.0,0.1015,0.0755,0.0258,0.0119,0.0306,3930.0,4350.0,,,1,train
0.0482,0.0471,0.0771,0.1039,0.0341,0.1072,0.0886,0.0506,0.0449,0.0499,3930.0,4350.0,10430.0,1100.0,2,train
0.0088,0.0177,0.0616,0.0977,0.0314,0.0109,0.0202,0.0305,0.0383,0.0476,10430.0,1100.0,,,1,train
0.0,0.0192,0.0704,0.1321,0.1591,0.0101,0.0219,0.0389,0.0731,0.1547,10430.0,1100.0,14680.0,2600.0,2,train
0.0,0.0,0.0128,0.0402,0.1266,0.0,0.0,0.0143,0.0411,0.1298,14680.0,2600.0,,,1,train
0.1515,0.0443,0.027,0.0444,0.1278,0.0481,0.0381,0.027,0.0452,0.131,14680.0,2600.0,430.0,350.0,2,train
0.151,0.0429,0.0206,0.0145,0.0127,0.0479,0.0369,0.0216,0.0149,0.0315,430.0,350.0,,,1,train
0.1573,0.0563,0.0706,0.0908,0.0405,0.0537,0.0509,0.0512,0.0577,0.0542,430.0,350.0,10430.0,1850.0,2,train
0.0129,0.0223,0.0586,0.0865,0.0389,0.0134,0.0246,0.0402,0.0537,0.0532,10430.0,1850.0,,,1,train
0.019,0.0389,0.1431,0.1449,0.0566,0.0193,0.038,0.0643,0.0792,0.0672,10430.0,1850.0,9680.0,850.0,2,train
0.0136,0.0252,0.0943,0.0701,0.028,0.0138,0.0241,0.0339,0.0367,0.0434,9680.0,850.0,,,1,train
0.0151,0.0321,0.1179,0.1278,0.0725,0.0158,0.0322,0.0588,0.1066,0.0873,9680.0,850.0,11680.0,2850.0,2,train
0.0105,0.0164,0.033,0.0691,0.055,0.0111,0.0198,0.0353,0.0819,0.0741,11680.0,2850.0,,,1,train
0.0288,0.0403,0.0571,0.0816,0.0605,0.035,0.1132,0.1102,0.098,0.0788,11680.0,2850.0,6930.0,4600.0,2,train
0.0245,0.0319,0.0316,0.0222,0.0147,0.031,0.1031,0.0848,0.027,0.0338,6930.0,4600.0,,,1,train
0.1665,0.1182,0.0547,0.0294,0.0166,0.073,0.139,0.1022,0.0337,0.0352,6930.0,4600.0,3680.0,100.0,2,train
0.15,0.095,0.031,0.0169,0.0122,0.0501,0.0462,0.0273,0.0167,0.0309,3680.0,100.0,,,1,train
0.1513,0.0982,0.0426,0.0809,0.144,0.051,0.0492,0.0359,0.0448,0.0752,3680.0,100.0,13430.0,850.0,2,train
0.0005,0.0122,0.0204,0.074,0.1405,0.0093,0.0144,0.0189,0.0386,0.0728,13430.0,850.0,,,1,train
0.0,0.0115,0.0274,0.1025,0.2241,0.0,0.0139,0.0252,0.0735,0.1868,13430.0,850.0,14430.0,3100.0,2,train
0.0,0.0095,0.0151,0.0391,0.0984,0.0,0.0117,0.0169,0.0466,0.1495,14430.0,3100.0,,,1,train
0.0094,0.0213,0.0544,0.1012,0.1293,0.0115,0.0255,0.0527,0.1062,0.1746,14430.0,3100.0,5180.0,2600.0,2,train
0.0109,0.02,0.0463,0.0721,0.0416,0.0123,0.024,0.045,0.0714,0.0588,5180.0,2600.0,,,1,train
0.1369,0.0457,0.0201,0.0126,0.0094,0.0562,0.04,0.0212,0.0126,0.0289,1180.0,1600.0,,,1,train
0.1372,0.0469,0.0251,0.0339,0.0875,0.0566,0.0414,0.0259,0.0399,0.1938,1180.0,1600.0,15930.0,3850.0,2,train
0.0094,0.0117,0.0143,0.0315,0.0864,0.0098,0.0139,0.0164,0.0377,0.1923,15930.0,3850.0,,,1,train
0.0565,0.0446,0.0251,0.015,0.0097,0.0872,0.0718,0.0307,0.0155,0.0287,3930.0,3600.0,,,1,train
0.0555,0.0404,0.0226,0.0143,0.0098,0.1048,0.0643,0.0275,0.0148,0.0282,3430.0,3850.0,,,1,train
0.0574,0.0446,0.0363,0.0475,0.0517,0.1067,0.07,0.045,0.1237,0.0964,3430.0,3850.0,12430.0,4100.0,2,train
0.0,0.0121,0.0207,0.0419,0.049,0.0,0.0151,0.0264,0.1177,0.0943,12430.0,4100.0,,,1,train
0.0104,0.0244,0.0768,0.1294,0.0753,0.0121,0.0263,0.0513,0.1503,0.112,12430.0,4100.0,10430.0,1350.0,2,train
0.0107,0.0209,0.0635,0.0981,0.036,0.0116,0.0217,0.0343,0.0447,0.0486,10430.0,1350.0,,,1,train
0.0255,0.056,0.0935,0.0344,0.0175,0.0234,0.0389,0.0417,0.0287,0.0353,7680.0,1350.0,,,1,train
0.0146,0.0252,0.0483,0.1632,0.0724,0.0167,0.0384,0.1343,0.0833,0.0679,9180.0,4600.0,12180.0,600.0,2,train
0.0,0.0107,0.0227,0.1377,0.059,0.0,0.0122,0.018,0.0334,0.054,12180.0,600.0,,,1,test
0.0143,0.0363,0.1482,0.1689,0.0693,0.0149,0.0291,0.0424,0.0526,0.0628,12180.0,600.0,8680.0,850.0,2,train
0.0158,0.0335,0.1324,0.0394,0.0184,0.0155,0.0266,0.033,0.0288,0.0366,8680.0,850.0,,,1,train
0.1098,0.0919,0.1549,0.0483,0.0218,0.0978,0.0861,0.0576,0.0375,0.0397,8680.0,850.0,3430.0,2600.0,2,train
0.0972,0.064,0.0292,0.0143,0.0101,0.0866,0.0669,0.0323,0.0168,0.0302,3430.0,2600.0,,,1,train
0.104,0.0773,0.0577,0.0463,0.0302,0.094,0.0874,0.1027,0.0935,0.0525,3430.0,2600.0,9930.0,4100.0,2,train
0.0137,0.0213,0.0345,0.0383,0.0269,0.015,0.0304,0.0795,0.0854,0.0497,9930.0,4100.0,,,1,train
0.0118,0.0216,0.0399,0.062,0.153,0.0137,0.0308,0.0844,0.1086,0.1449,9930.0,4100.0,15930.0,2350.0,2,train
0.0,0.01,0.012,0.0315,0.1353,0.0,0.0119,0.0146,0.0342,0.1265,15930.0,2350.0,,,1,train
0.1977,0.0339,0.0174,0.0322,0.1353,0.0258,0.0234,0.0182,0.0347,0.1261,15930.0,2350.0,2680.0,100.0,2,train
0.2448,0.0405,0.0155,0.0092,0.0,0.032,0.0277,0.0156,0.0039,0.0239,2680.0,100.0,,,1,train
0.2432,0.0477,0.0352,0.0384,0.0289,0.0355,0.0394,0.058,0.1496,0.0494,2680.0,100.0,10930.0,4600.0,2,train
0.0099,0.018,0.0274,0.0361,0.0284,0.0137,0.0246,0.0515,0.1467,0.05,10930.0,4600.0,,,1,train
0.0211,0.0588,0.11,0.0327,0.0164,0.0218,0.0363,0.0368,0.0251,0.0331,7680.0,850.0,,,1,train
0.0866,0.1534,0.1332,0.0394,0.0185,0.0532,0.068,0.0542,0.0317,0.0359,7680.0,850.0,4680.0,850.0,2,train
0.068,0.1032,0.0314,0.0157,0.0102,0.0383,0.0414,0.026,0.0142,0.0293,4680.0,850.0,,,1,train
0.079,0.1229,0.0692,0.0455,0.0247,0.0498,0.0738,0.1099,0.0603,0.0435,4680.0,850.0,8930.0,3600.0,2,train
0.0153,0.0277,0.044,0.0378,0.0222,0.0184,0.0424,0.0929,0.0532,0.0414,8930.0,3600.0,,,1,train
0.047,0.0531,0.0588,0.0436,0.0242,0.0997,0.1351,0.1141,0.0595,0.0437,8930.0,3600.0,4430.0,5100.0,2,train
0.0362,0.0329,0.0205,0.0136,0.0096,0.0878,0.103,0.0298,0.0133,0.0292,4430.0,5100.0,,,1,train
0.053,0.0554,0.0434,0.0251,0.0131,0.11,0.195,0.1934,0.0291,0.0317,4430.0,5100.0,6930.0,4600.0,2,train
0.0275,0.0422,0.0591,0.0593,0.037,0.0356,0.1198,0.1322,0.1053,0.0583,6930.0,4600.0,10430.0,3600.0,2,train
0.0103,0.0193,0.0355,0.0467,0.0312,0.0124,0.0261,0.0586,0.0891,0.0527,10430.0,3600.0,,,1,train
0.0155,0.0358,0.1654,0.0847,0.0427,0.0171,0.0377,0.077,0.1062,0.0617,10430.0,3600.0,9180.0,350.0,2,train
0.0113,0.0245,0.1352,0.0462,0.0188,0.0121,0.0217,0.0268,0.0244,0.0358,9180.0,350.0,,,1,train
0.0512,0.0783,0.167,0.0581,0.0232,0.0505,0.08,0.0605,0.037,0.0395,9180.0,350.0,5680.0,2600.0,2,train
0.0439,0.0608,0.0378,0.0192,0.0109,0.0444,0.0673,0.0411,0.0188,0.0301,5680.0,2600.0,,,1,train
0.0521,0.0767,0.08,0.0711,0.0377,0.0524,0.0869,0.0876,0.0788,0.0556,5680.0,2600.0,10180.0,2850.0,2,train
0.012,0.0225,0.0458,0.0584,0.0325,0.0136,0.0281,0.0537,0.0663,0.0509,10180.0,2850.0,,,1,train
0.0,0.0108,0.0191,0.0603,0.0815,0.0,0.0137,0.0219,0.0591,0.092,12930.0,2600.0,,,1,train
0.0948,0.0637,0.039,0.067,0.0839,0.0656,0.0576,0.0406,0.066,0.094,12930.0,2600.0,3430.0,2100.0,2,train
0.0925,0.0588,0.0233,0.0133,0.0,0.0633,0.0519,0.0259,0.0129,0.0285,3430.0,2100.0,,,1,train
0.2382,0.0944,0.0352,0.0166,0.0,0.1052,0.0785,0.0365,0.0159,0.0275,3430.0,2100.0,930.0,600.0,2,train
0.1541,0.0424,0.0164,0.0111,0.0,0.0483,0.0361,0.0189,0.0103,0.0268,930.0,600.0,,,1,train
0.1575,0.0515,0.0584,0.1454,0.035,0.0515,0.0439,0.036,0.0372,0.0445,930.0,600.0,10930.0,600.0,2,train
0.0098,0.0173,0.0469,0.1403,0.0337,0.0106,0.0189,0.026,0.0339,0.0444,10930.0,600.0,,,1,train
0.0031,0.0213,0.0644,0.1842,0.0807,0.0104,0.0241,0.0469,0.1208,0.1013,10930.0,600.0,12180.0,3350.0,2,train
0.0,0.0134,0.0228,0.0522,0.0548,0.009,0.0174,0.0303,0.0957,0.0851,12180.0,3350.0,,,1,train
0.118,0.0552,0.0377,0.0572,0.0565,0.0708,0.054,0.0444,0.1004,0.0862,12180.0,3350.0,2180.0,2100.0,2,train
0.1151,0.0491,0.0198,0.0115,0.0054,0.068,0.0464,0.0229,0.0123,0.0289,2180.0,2100.0,,,1,train
0.0332,0.0612,0.0528,0.0225,0.0118,0.0314,0.0533,0.0443,0.0226,0.0302,6680.0,2100.0,,,1,train
0.0,0.0105,0.0117,0.0315,0.1067,0.0093,0.0135,0.0154,0.0364,0.1583,15430.0,3100.0,,,1,train
0.0165,0.0309,0.046,0.053,0.1158,0.0202,0.0526,0.0955,0.0663,0.1663,15430.0,3100.0,8180.0,3600.0,2,train
0.0177,0.0301,0.0399,0.0289,0.0171,0.0209,0.0513,0.0896,0.0388,0.0364,8180.0,3600.0,,,1,train
0.1646,0.068,0.053,0.0328,0.0176,0.0677,0.0806,0.1012,0.0424,0.0367,8180.0,3600.0,930.0,1100.0,2,train
0.1513,0.0443,0.0172,0.0102,0.0,0.0528,0.0383,0.0196,0.0109,0.0276,930.0,1100.0,,,1,train
0.2071,0.0785,0.0315,0.0142,0.0,0.1408,0.0842,0.0353,0.0151,0.0266,930.0,1100.0,2930.0,3350.0,2,test
0.0694,0.0425,0.0194,0.018,0.0,0.097,0.0565,0.0241,0.0118,0.0271,2930.0,3350.0,,,1,train
0.0721,0.0455,0.0272,0.0377,0.084,0.1003,0.0604,0.0324,0.0479,0.1574,2930.0,3350.0,14430.0,3350.0,2,train
0.0,0.0093,0.0118,0.0327,0.0824,0.0,0.0123,0.0156,0.043,0.1563,14430.0,3350.0,,,1,test
0.0702,0.0444,0.027,0.0379,0.0844,0.0977,0.059,0.0318,0.0481,0.1591,14430.0,3350.0,2930.0,3350.0,2,train
0.0943,0.0726,0.0447,0.0228,0.0124,0.1306,0.1603,0.0741,0.0265,0.0319,2930.0,3350.0,6180.0,4100.0,2,train
0.0295,0.0365,0.0292,0.0172,0.0102,0.0404,0.1131,0.057,0.0207,0.0296,6180.0,4100.0,,,1,train
0.0544,0.0706,0.0589,0.0302,0.0151,0.0708,0.1925,0.1075,0.0361,0.0337,6180.0,4100.0,6430.0,3600.0,2,test
0.0303,0.0407,0.0342,0.0192,0.0112,0.0376,0.0897,0.0587,0.0227,0.0306,6430.0,3600.0,,,1,train
0.0297,0.0414,0.0383,0.0362,0.07,0.0374,0.0905,0.063,0.0459,0.2051,6430.0,3600.0,15180.0,4100.0,2,train
0.0,0.008,0.0091,0.0236,0.0642,0.0,0.0109,0.0125,0.0309,0.1993,15180.0,4100.0,,,1,train
0.0,0.0147,0.0222,0.0335,0.0689,0.01,0.033,0.19,0.0503,0.2029,15180.0,4100.0,8430.0,4850.0,2,train
0.009,0.0158,0.0193,0.0174,0.0118,0.0122,0.0336,0.1847,0.0279,0.0314,8430.0,4850.0,,,1,train
0.0254,0.0497,0.085,0.0465,0.0227,0.0272,0.0652,0.225,0.0533,0.0402,8430.0,4850.0,8180.0,2100.0,2,train
0.0193,0.0391,0.0694,0.0348,0.0168,0.0198,0.0392,0.046,0.032,0.0344,8180.0,2100.0,,,1,train
0.0194,0.0404,0.074,0.0548,0.223,0.0201,0.0406,0.05,0.0473,0.0776,8180.0,2100.0,14930.0,1100.0,2,train
0.0,0.0,0.0062,0.0264,0.2085,0.0,0.0105,0.0094,0.0217,0.0682,14930.0,1100.0,,,1,test
0.0487,0.085,0.0415,0.0358,0.2093,0.0365,0.0474,0.0311,0.0306,0.0705,14930.0,1100.0,5430.0,1600.0,2,train
0.049,0.0845,0.0378,0.0162,0.0,0.0368,0.0468,0.0283,0.0161,0.0282,5430.0,1600.0,,,1,train
0.128,0.1215,0.0529,0.021,0.0,0.1295,0.0907,0.0442,0.0211,0.0284,5430.0,1600.0,1930.0,3350.0,2,train
0.084,0.0431,0.0193,0.0111,0.0,0.0989,0.052,0.0214,0.0119,0.0264,1930.0,3350.0,,,1,train
0.0889,0.0535,0.0443,0.0439,0.0259,0.104,0.0671,0.0708,0.0978,0.049,1930.0,3350.0,10430.0,3850.0,2,train
0.0002,0.0163,0.0295,0.0387,0.0241,0.0105,0.0235,0.0555,0.0926,0.0477,10430.0,3850.0,,,1,train
0.0132,0.0272,0.0542,0.0676,0.0424,0.0161,0.0414,0.1244,0.1832,0.068,10430.0,3850.0,10180.0,4600.0,2,train
0.0104,0.018,0.029,0.0351,0.0222,0.0124,0.0272,0.0753,0.0993,0.0459,10180.0,4600.0,,,1,train
0.0609,0.0468,0.0417,0.0393,0.0233,0.1171,0.0722,0.09,0.1034,0.0467,10180.0,4600.0,2930.0,3850.0,2,train
0.0559,0.0362,0.0178,0.0111,0.0,0.1111,0.0546,0.0216,0.0115,0.0274,2930.0,3850.0,,,1,train
0.0598,0.0446,0.0452,0.1219,0.065,0.1165,0.0641,0.0406,0.0523,0.0585,2930.0,3850.0,11930.0,1600.0,2,train
0.0,0.0143,0.0315,0.1164,0.0625,0.0,0.0166,0.0248,0.0468,0.0575,11930.0,1600.0,,,1,train
0.0185,0.0525,0.1556,0.1355,0.0691,0.0177,0.0339,0.0446,0.0598,0.0632,11930.0,1600.0,7930.0,350.0,2,train
0.0178,0.0464,0.1301,0.0264,0.0123,0.0165,0.0274,0.0275,0.0198,0.0295,7930.0,350.0,,,1,test
0.0476,0.0878,0.1608,0.0392,0.017,0.0495,0.0938,0.0688,0.034,0.0333,7930.0,350.0,6180.0,3100.0,2,train
0.0343,0.0483,0.0369,0.0193,0.0102,0.0391,0.075,0.0479,0.0205,0.0285,6180.0,3100.0,,,1,train
0.0972,0.1405,0.0608,0.0265,0.0124,0.0693,0.1057,0.0647,0.0272,0.0301,6180.0,3100.0,4680.0,850.0,2,test
0.1351,0.0806,0.0341,0.0167,0.0097,0.1194,0.084,0.0367,0.0172,0.0284,3180.0,2600.0,,,1,train
0.1428,0.1057,0.12,0.0598,0.025,0.1265,0.1046,0.0713,0.0457,0.0402,3180.0,2600.0,8930.0,1600.0,2,train
0.011,0.0312,0.0898,0.049,0.0201,0.0127,0.0286,0.0406,0.0346,0.0351,8930.0,1600.0,,,1,test
0.0505,0.1145,0.1315,0.0617,0.0255,0.0407,0.0651,0.0661,0.0462,0.0403,8930.0,1600.0,5930.0,1350.0,2,train
0.0386,0.0871,0.0438,0.0174,0.0089,0.0299,0.0419,0.0298,0.0161,0.0269,5930.0,1350.0,,,1,train
0.0552,0.1181,0.0951,0.046,0.0216,0.0465,0.0813,0.0896,0.0475,0.0383,5930.0,1350.0,8180.0,2850.0,2,train
0.0199,0.0367,0.0543,0.0338,0.0172,0.0217,0.047,0.0655,0.0367,0.0351,8180.0,2850.0,,,1,train
0.0263,0.051,0.093,0.0807,0.0408,0.0283,0.0644,0.1072,0.091,0.057,8180.0,2850.0,10180.0,2850.0,2,test
0.0244,0.0288,0.0464,0.0544,0.0294,0.2962,0.0422,0.0532,0.0626,0.047,10180.0,2850.0,2680.0,5100.0,2,train
0.0172,0.0147,0.0,0.0,0.0,0.286,0.0246,0.0115,0.0,0.0255,2680.0,5100.0,,,1,train
0.0264,0.0347,0.0577,0.0505,0.0252,0.2938,0.0498,0.0675,0.0567,0.0424,2680.0,5100.0,9430.0,2850.0,2,train
0.0138,0.0272,0.0542,0.0493,0.025,0.0125,0.0341,0.0629,0.0555,0.0427,9430.0,2850.0,,,1,train
0.0203,0.0411,0.0863,0.0876,0.0484,0.02,0.055,0.1294,0.1461,0.0678,9430.0,2850.0,10180.0,3850.0,2,train
0.0121,0.0215,0.0377,0.0453,0.0292,0.0121,0.0307,0.0753,0.0988,0.0505,10180.0,3850.0,,,1,train
0.037,0.103,0.1153,0.0637,0.0358,0.03,0.0596,0.1013,0.1128,0.0558,10180.0,3850.0,6930.0,600.0,2,train
0.0301,0.0876,0.0816,0.0244,0.0119,0.0228,0.038,0.0331,0.0206,0.0304,6930.0,600.0,,,1,train
0.0531,0.1154,0.1065,0.0371,0.0175,0.056,0.2102,0.1045,0.0375,0.0354,6930.0,600.0,6430.0,4850.0,2,train
0.0272,0.0345,0.0294,0.0185,0.0109,0.0377,0.1798,0.0781,0.023,0.0299,6430.0,4850.0,,,1,train
0.0135,0.0298,0.1236,0.0444,0.0173,0.0127,0.0244,0.0304,0.0269,0.0335,8930.0,850.0,,,1,train
0.1281,0.0735,0.1385,0.0494,0.0191,0.0683,0.0596,0.0446,0.0319,0.0354,8930.0,850.0,2430.0,1850.0,2,test
0.1194,0.0505,0.0197,0.011,0.0,0.0611,0.0437,0.021,0.0112,0.0268,2430.0,1850.0,,,1,test
0.1262,0.0654,0.0649,0.0753,0.0366,0.0679,0.0604,0.0586,0.0655,0.0516,2430.0,1850.0,10430.0,2350.0,2,train
0.0116,0.0216,0.0494,0.0699,0.0345,0.0123,0.025,0.0441,0.0601,0.05,10430.0,2350.0,,,1,train
0.011,0.0252,0.0687,0.2372,0.067,0.0122,0.0283,0.0545,0.0813,0.0678,10430.0,2350.0,11680.0,850.0,2,test
0.0,0.0122,0.0245,0.1726,0.0387,0.0,0.0138,0.0181,0.0284,0.0438,11680.0,850.0,,,1,train
0.0,0.0158,0.0378,0.1924,0.0553,0.0,0.02,0.047,0.1845,0.0653,11680.0,850.0,11180.0,4600.0,2,train
0.0,0.0121,0.0184,0.0253,0.0224,0.0,0.0163,0.0365,0.1612,0.0476,11180.0,4600.0,,,1,train
0.1035,0.0512,0.0201,0.0,0.0,0.0743,0.0498,0.0221,0.0092,0.0247,2680.0,2350.0,,,1,train
0.1793,0.0877,0.0348,0.0135,0.0,0.1646,0.0925,0.0376,0.0144,0.0256,2680.0,2350.0,1930.0,3350.0,2,train
0.0832,0.0441,0.0244,0.0339,0.1667,0.097,0.0524,0.027,0.0324,0.1004,1930.0,3350.0,15430.0,1850.0,2,train
0.0095,0.0116,0.0121,0.0301,0.165,0.0097,0.0136,0.0143,0.0285,0.0996,15430.0,1850.0,,,1,test
0.0097,0.0275,0.1524,0.0318,0.0147,0.01,0.0201,0.0248,0.0202,0.0316,8680.0,600.0,,,1,train
0.1783,0.0638,0.163,0.0357,0.0157,0.0521,0.0471,0.0359,0.0239,0.0324,8680.0,600.0,1430.0,350.0,2,train
0.1701,0.0415,0.0148,0.0085,0.0,0.0454,0.0336,0.0176,0.0091,0.0268,1430.0,350.0,,,1,train
0.1695,0.0416,0.0188,0.0315,0.1507,0.0449,0.0336,0.0204,0.0307,0.1119,1430.0,350.0,15930.0,2100.0,2,train
0.0,0.01,0.01,0.0298,0.1495,0.0,0.0118,0.0132,0.0291,0.1112,15930.0,2100.0,,,1,test
0.0124,0.029,0.0505,0.0356,0.0191,0.0149,0.0368,0.0624,0.0399,0.0373,8680.0,2850.0,,,1,train
0.0151,0.0315,0.0565,0.0585,0.1891,0.0171,0.0396,0.0678,0.0591,0.0995,8680.0,2850.0,15680.0,1350.0,2,train
0.0,0.0097,0.0098,0.0287,0.1759,0.0,0.0117,0.0129,0.0256,0.0884,15680.0,1350.0,,,1,test
0.0,0.0,0.0132,0.048,0.2461,0.0,0.0096,0.0161,0.0512,0.2598,15680.0,1350.0,15680.0,4100.0,2,test
0.0,0.0,0.0,0.0251,0.0786,0.0,0.0025,0.0115,0.032,0.2011,15680.0,4100.0,,,1,train
0.0,0.0,0.0126,0.0488,0.2133,0.0,0.006,0.0156,0.0537,0.2748,15680.0,4100.0,15430.0,2100.0,2,train
0.0,0.0,0.0,0.0288,0.142,0.0,0.0016,0.0114,0.0276,0.1033,15430.0,2100.0,,,1,train
0.0812,0.1097,0.03,0.035,0.1441,0.0362,0.0374,0.026,0.0331,0.1051,15430.0,2100.0,4430.0,350.0,2,train
0.0814,0.109,0.0258,0.0128,0.0098,0.0364,0.0369,0.0224,0.0128,0.0294,4430.0,350.0,,,1,train
0.0904,0.1252,0.0544,0.0356,0.0198,0.0464,0.067,0.1219,0.0553,0.0389,4430.0,350.0,8930.0,4100.0,2,test
0.0133,0.0228,0.0324,0.029,0.0174,0.0159,0.0383,0.1065,0.0492,0.0371,8930.0,4100.0,,,1,train
0.0127,0.0256,0.0458,0.0861,0.1109,0.0158,0.0412,0.1174,0.0883,0.0937,8930.0,4100.0,13180.0,2100.0,2,train
0.0,0.0168,0.0424,0.2085,0.1709,0.0095,0.0194,0.035,0.0826,0.117,13180.0,2100.0,12180.0,1100.0,2,train
0.0,0.0122,0.0274,0.1489,0.0774,0.0,0.0141,0.022,0.042,0.0614,12180.0,1100.0,,,1,train
0.0119,0.0276,0.1015,0.196,0.0856,0.013,0.027,0.0441,0.0639,0.0698,12180.0,1100.0,9930.0,850.0,2,train
0.0114,0.0267,0.0979,0.174,0.106,0.0126,0.026,0.0422,0.0625,0.0736,9930.0,850.0,12680.0,850.0,2,train
0.0,0.0106,0.0196,0.1017,0.0851,0.0,0.0127,0.0176,0.0344,0.059,12680.0,850.0,,,1,train
0.0111,0.0246,0.0435,0.1191,0.0936,0.0154,0.05,0.1376,0.0648,0.0673,12680.0,850.0,8430.0,4350.0,2,train
0.0131,0.0224,0.0286,0.0233,0.0147,0.0167,0.0436,0.1276,0.0373,0.0346,8430.0,4350.0,,,1,train
0.0475,0.0493,0.043,0.0282,0.0156,0.0954,0.1314,0.1484,0.0428,0.0352,8430.0,4350.0,4430.0,4600.0,2,train
0.0385,0.0338,0.0193,0.0114,0.0,0.0848,0.0966,0.0287,0.0129,0.0278,4430.0,4600.0,,,1,train
0.1581,0.0404,0.0146,0.0,0.0,0.0453,0.0329,0.0162,0.0037,0.0254,1430.0,600.0,,,1,train
0.2659,0.0924,0.0301,0.0118,0.0,0.088,0.0642,0.0288,0.0119,0.0251,1430.0,600.0,3180.0,1350.0,2,train
0.1162,0.0592,0.021,0.0106,0.0,0.0507,0.0419,0.0214,0.0115,0.0259,3180.0,1350.0,,,1,train
0.1161,0.0616,0.0334,0.0556,0.0915,0.0504,0.0444,0.0335,0.0726,0.1297,3180.0,1350.0,13430.0,3100.0,2,train
0.0091,0.0127,0.0192,0.0513,0.094,0.0105,0.0164,0.0224,0.0688,0.1282,13430.0,3100.0,,,1,train
0.0,0.0126,0.0322,0.2154,0.1245,0.0,0.0154,0.0284,0.0864,0.1446,13430.0,3100.0,11930.0,600.0,2,train
0.0,0.0089,0.0178,0.1681,0.0404,0.0,0.0107,0.014,0.0241,0.0427,11930.0,600.0,,,1,train
0.0,0.024,0.0773,0.2303,0.0629,0.01,0.0257,0.0468,0.0626,0.0604,11930.0,600.0,9930.0,1850.0,2,train
0.0101,0.0227,0.0635,0.0648,0.0272,0.0116,0.0243,0.0391,0.044,0.0427,9930.0,1850.0,,,1,train
0.0484,0.0715,0.0952,0.0775,0.0323,0.0509,0.0871,0.0736,0.0567,0.0472,9930.0,1850.0,5680.0,2850.0,2,train
0.0406,0.054,0.0344,0.0155,0.0097,0.0439,0.0696,0.0394,0.018,0.0293,5680.0,2850.0,,,1,train
0.0702,0.0806,0.0327,0.0135,0.0,0.0508,0.0552,0.0293,0.0132,0.0234,4680.0,1850.0,,,1,train
0.1246,0.1377,0.0635,0.026,0.0118,0.1078,0.1261,0.0629,0.0268,0.0286,4680.0,1850.0,4930.0,2850.0,2,train
0.0585,0.0628,0.0346,0.0168,0.0093,0.0625,0.0789,0.0387,0.0181,0.0272,4930.0,2850.0,,,1,train
0.0631,0.0728,0.0578,0.0459,0.0283,0.0673,0.0943,0.0945,0.1163,0.0484,4930.0,2850.0,10430.0,4350.0,2,train
0.0,0.0158,0.0274,0.0346,0.0239,0.0097,0.0234,0.0618,0.104,0.0454,10430.0,4350.0,,,1,train
0.0531,0.0639,0.0591,0.0474,0.0295,0.0703,0.1332,0.106,0.118,0.0505,10430.0,4350.0,5430.0,3600.0,2,train
0.0475,0.0531,0.035,0.018,0.01,0.0645,0.1168,0.0499,0.0198,0.0292,5430.0,3600.0,,,1,train
0.0784,0.1073,0.0785,0.0333,0.0149,0.0932,0.1677,0.0881,0.0348,0.0329,5430.0,3600.0,6430.0,2350.0,2,train
0.0361,0.0608,0.0482,0.0216,0.0114,0.0354,0.0607,0.0451,0.0222,0.0301,6430.0,2350.0,,,1,train
0.0446,0.0762,0.0699,0.0357,0.0175,0.0462,0.0996,0.182,0.0455,0.0356,6430.0,2350.0,8180.0,4600.0,2,train
0.0173,0.0248,0.0284,0.0218,0.0133,0.0207,0.0516,0.1474,0.0327,0.032,8180.0,4600.0,,,1,train
0.0347,0.0667,0.0788,0.0406,0.0189,0.0381,0.0926,0.1889,0.0503,0.0353,8180.0,4600.0,7180.0,2350.0,2,train
0.0271,0.0519,0.0572,0.0261,0.0124,0.0277,0.0533,0.0492,0.0257,0.0303,7180.0,2350.0,,,1,train
0.0844,0.1014,0.0802,0.0344,0.0159,0.0874,0.113,0.0736,0.0345,0.0339,7180.0,2350.0,4430.0,2850.0,2,test
0.0607,0.0557,0.0278,0.0136,0.0,0.0649,0.068,0.0296,0.0142,0.0271,4430.0,2850.0,,,1,train
0.0609,0.0573,0.0347,0.0437,0.1346,0.0653,0.0699,0.0358,0.0426,0.1133,4430.0,2850.0,14680.0,2350.0,2,train
0.0097,0.0124,0.0146,0.0373,0.1323,0.0092,0.0139,0.0142,0.0358,0.1114,14680.0,2350.0,,,1,train
0.0191,0.1931,0.0318,0.0394,0.1308,0.0129,0.0205,0.0186,0.0369,0.1116,14680.0,2350.0,5680.0,100.0,2,train
0.0231,0.1934,0.0272,0.0115,0.0,0.0166,0.0226,0.0156,0.0107,0.0273,5680.0,100.0,,,1,train
0.0275,0.2019,0.0502,0.043,0.0281,0.0212,0.0366,0.0624,0.1157,0.051,5680.0,100.0,10680.0,4100.0,2,test
0.0099,0.0146,0.0282,0.0378,0.0267,0.0117,0.0236,0.0529,0.1116,0.0502,10680.0,4100.0,,,1,train
0.0244,0.061,0.1199,0.0612,0.0349,0.0236,0.0485,0.0816,0.1283,0.0568,10680.0,4100.0,7680.0,1100.0,2,train
0.0233,0.0534,0.0976,0.0303,0.0142,0.0215,0.0364,0.0352,0.0242,0.033,7680.0,1100.0,,,1,train
0.0,0.0,0.0189,0.0897,0.1,0.0,0.012,0.0155,0.0341,0.0619,12930.0,850.0,,,1,train
0.0,0.087,0.0268,0.1268,0.2319,0.0,0.0125,0.0217,0.0639,0.1302,12930.0,850.0,14180.0,2100.0,2,train
0.0,0.0,0.0132,0.043,0.1388,0.0,0.011,0.0134,0.0364,0.0959,14180.0,2100.0,,,1,train
0.0323,0.0413,0.0394,0.0535,0.1431,0.0438,0.0971,0.0537,0.0484,0.0991,14180.0,2100.0,5930.0,3600.0,2,train
0.0333,0.0403,0.0309,0.0159,0.0,0.0441,0.0952,0.0464,0.0179,0.0283,5930.0,3600.0,,,1,test
0.0851,0.186,0.0521,0.0214,0.0094,0.0664,0.1185,0.0596,0.0226,0.0286,5930.0,3600.0,4930.0,100.0,2,test
0.0577,0.1513,0.0272,0.0125,0.0,0.0305,0.0339,0.0203,0.0122,0.0271,4930.0,100.0,,,1,train
0.1668,0.1889,0.0395,0.0148,0.0,0.0892,0.0673,0.0314,0.0142,0.026,4930.0,100.0,1930.0,2100.0,2,train
0.1169,0.0455,0.0194,0.0108,0.0,0.0669,0.0447,0.02,0.0105,0.0258,1930.0,2100.0,,,1,train
0.1161,0.0453,0.0237,0.0354,0.0964,0.066,0.0445,0.0236,0.0406,0.1471,1930.0,2100.0,14680.0,3350.0,2,train
0.0023,0.0109,0.0186,0.0491,0.1247,0.0094,0.0155,0.0204,0.0732,0.3409,14680.0,3350.0,14180.0,4350.0,2,train
0.0,0.0,0.0109,0.0235,0.0436,0.0,0.0112,0.0129,0.0403,0.2042,14180.0,4350.0,,,1,test
0.1836,0.0453,0.0147,0.0,0.0,0.0329,0.0278,0.0134,0.0,0.0254,2930.0,100.0,,,1,train
0.2116,0.1292,0.0696,0.0209,0.0,0.0545,0.0608,0.0381,0.0177,0.0255,2930.0,100.0,6430.0,1100.0,2,train
0.035,0.0896,0.0605,0.0207,0.0096,0.0291,0.0427,0.0323,0.0184,0.0279,6430.0,1100.0,,,1,test
0.0339,0.0402,0.0292,0.025,0.0,0.0476,0.095,0.0424,0.0166,0.0269,5680.0,3600.0,,,1,train
0.0643,0.0655,0.0437,0.0204,0.0092,0.1204,0.2062,0.0653,0.0224,0.0278,5680.0,3600.0,4680.0,5100.0,2,test
0.0358,0.0321,0.0208,0.0124,0.0,0.0803,0.1216,0.0303,0.0136,0.0268,4680.0,5100.0,,,1,train
0.0743,0.1306,0.058,0.0211,0.009,0.1046,0.1531,0.0501,0.0205,0.0273,4680.0,5100.0,5680.0,1100.0,2,train
0.0444,0.1055,0.0434,0.0164,0.0,0.0323,0.0422,0.0278,0.0151,0.0269,5680.0,1100.0,,,1,train
0.2111,0.0306,0.0135,0.0089,0.0,0.0307,0.0259,0.0143,0.009,0.0254,2180.0,100.0,,,1,train
0.253,0.063,0.0287,0.0132,0.0,0.1195,0.0923,0.0332,0.0136,0.0257,2180.0,100.0,3930.0,3850.0,2,train
0.0492,0.0401,0.022,0.0117,0.0,0.0966,0.0773,0.0275,0.0121,0.0255,3930.0,3850.0,,,1,train
0.0259,0.0575,0.0658,0.0253,0.0112,0.0265,0.046,0.0416,0.0229,0.0287,7180.0,1850.0,,,1,train
0.0497,0.0947,0.1012,0.0412,0.0185,0.0546,0.1168,0.0953,0.0411,0.0357,7180.0,1850.0,6680.0,3350.0,2,train
0.0267,0.042,0.0388,0.0204,0.017,0.0343,0.0786,0.0586,0.0229,0.0297,6680.0,3350.0,,,1,train
0.0279,0.046,0.0533,0.0717,0.094,0.0357,0.0835,0.0723,0.0731,0.1,6680.0,3350.0,13180.0,2600.0,2,train
0.0089,0.0165,0.0358,0.0963,0.1344,0.0114,0.0214,0.0397,0.1487,0.1572,13180.0,2600.0,12430.0,3600.0,2,train
0.0,0.0107,0.0201,0.0452,0.0523,0.0,0.0146,0.0249,0.0988,0.0905,12430.0,3600.0,,,1,train
0.0,0.0197,0.0383,0.0603,0.0595,0.0121,0.0358,0.1703,0.1319,0.0968,12430.0,3600.0,8930.0,4850.0,2,train
0.0,0.017,0.0242,0.0152,0.0,0.0125,0.0316,0.1525,0.0435,0.0355,8930.0,4850.0,,,1,train
0.065,0.0742,0.0499,0.031,0.0171,0.0612,0.0841,0.1756,0.0511,0.0368,8930.0,4850.0,4680.0,2350.0,2,train
0.059,0.0628,0.0302,0.0143,0.0,0.0542,0.0604,0.0292,0.0142,0.0279,4680.0,2350.0,,,1,train
0.0,0.0,0.0136,0.0412,0.0949,0.0,0.0107,0.0143,0.0462,0.1187,13930.0,2850.0,,,1,train
0.0,0.0099,0.0232,0.0583,0.1097,0.0,0.0143,0.0336,0.2312,0.1374,13930.0,2850.0,11430.0,4600.0,2,train
0.0,0.0096,0.0154,0.0243,0.0215,0.0,0.014,0.0261,0.1913,0.047,11430.0,4600.0,,,1,test
0.1707,0.0414,0.0252,0.0264,0.0211,0.0429,0.0364,0.0345,0.1915,0.0463,11430.0,4600.0,1680.0,350.0,2,train
0.1696,0.0388,0.0168,0.0115,0.0091,0.042,0.0324,0.0167,0.0102,0.0297,1680.0,350.0,,,1,train
0.1698,0.04,0.0273,0.055,0.0942,0.0424,0.0348,0.0257,0.0523,0.1,1680.0,350.0,13430.0,2600.0,2,train
0.0,0.0117,0.0181,0.0522,0.093,0.0094,0.0146,0.0182,0.0499,0.0993,13430.0,2600.0,,,1,train
0.0154,0.0302,0.0446,0.0675,0.1,0.0223,0.0666,0.1049,0.072,0.1056,13430.0,2600.0,7680.0,4100.0,2,train
0.017,0.0282,0.0329,0.0224,0.0132,0.0229,0.0639,0.0942,0.0281,0.0331,7680.0,4100.0,,,1,train
0.0373,0.0556,0.059,0.0344,0.0173,0.0491,0.1503,0.1526,0.0425,0.0362,7680.0,4100.0,6680.0,4100.0,2,train
0.0253,0.0347,0.0316,0.0192,0.0115,0.0342,0.0966,0.0659,0.0213,0.0311,6680.0,4100.0,,,1,train
0.0105,0.0168,0.0266,0.0343,0.0233,0.0128,0.0238,0.0534,0.1142,0.0479,10680.0,4350.0,,,1,train
0.0053,0.0222,0.0569,0.1039,0.0611,0.0116,0.03,0.078,0.1676,0.0776,10680.0,4350.0,11180.0,2350.0,2,train
0.0,0.0163,0.0374,0.0764,0.0425,0.0098,0.0194,0.0327,0.0602,0.0568,11180.0,2350.0,,,1,train
0.0,0.0166,0.0437,0.1022,0.1165,0.0,0.0201,0.0392,0.0942,0.183,11180.0,2350.0,14430.0,3350.0,2,train
0.01,0.027,0.0856,0.0922,0.0997,0.0127,0.0281,0.0451,0.0735,0.169,14430.0,3350.0,9680.0,1600.0,2,train
0.0108,0.0254,0.0777,0.0656,0.0257,0.0128,0.0257,0.0373,0.0387,0.0419,9680.0,1600.0,,,1,train
0.1319,0.0679,0.0924,0.0702,0.0265,0.0707,0.0612,0.0508,0.0426,0.0421,9680.0,1600.0,2180.0,1850.0,2,train
0.1244,0.0495,0.0204,0.0118,0.0,0.0637,0.0445,0.0208,0.0113,0.0285,2180.0,1850.0,,,1,train
0.1197,0.0487,0.0274,0.0436,0.0942,0.061,0.0441,0.0275,0.0566,0.1757,2180.0,1850.0,14180.0,3350.0,2,train
0.0,0.0,0.0101,0.0335,0.0786,0.0,0.0,0.0122,0.0452,0.1469,14180.0,3350.0,,,1,train
0.1006,0.0913,0.0432,0.0444,0.0829,0.0671,0.0663,0.0408,0.0557,0.1516,14180.0,3350.0,4180.0,1850.0,2,train
0.0809,0.0723,0.0292,0.014,0.0,0.0546,0.0531,0.0277,0.0138,0.0268,4180.0,1850.0,,,1,train
0.1048,0.1044,0.057,0.0263,0.0124,0.086,0.1452,0.0822,0.029,0.03,4180.0,1850.0,6430.0,3850.0,2,train
0.0298,0.0393,0.0335,0.0192,0.0109,0.039,0.1018,0.0622,0.0222,0.029,6430.0,3850.0,,,1,train
0.0443,0.0719,0.1189,0.0705,0.0307,0.0527,0.1343,0.1168,0.0643,0.0462,6430.0,3850.0,8930.0,2100.0,2,train
0.0204,0.04,0.0907,0.0573,0.0253,0.0211,0.0419,0.0617,0.0485,0.0415,8930.0,2100.0,,,1,train
0.0911,0.113,0.1153,0.065,0.0281,0.0617,0.0819,0.0817,0.0559,0.044,8930.0,2100.0,4430.0,1600.0,2,test
0.076,0.08,0.0303,0.0145,0.0092,0.0479,0.0491,0.0272,0.0145,0.0282,4430.0,1600.0,,,1,train
0.1281,0.1551,0.0623,0.0236,0.0108,0.0855,0.095,0.052,0.0227,0.0289,4430.0,1600.0,5180.0,1850.0,2,test
0.0575,0.0826,0.0376,0.0166,0.0092,0.0445,0.0549,0.0324,0.0161,0.0279,5180.0,1850.0,,,1,train
0.0,0.0107,0.0122,0.0268,0.0523,0.0088,0.0133,0.015,0.0439,0.1938,14180.0,4100.0,,,1,train
0.0,0.0105,0.0206,0.0435,0.0666,0.0,0.0146,0.0333,0.2299,0.211,14180.0,4100.0,11430.0,4600.0,2,train
0.011,0.0315,0.115,0.0716,0.0355,0.013,0.0302,0.0544,0.2165,0.0561,11430.0,4600.0,9180.0,1100.0,2,train
0.0128,0.029,0.1048,0.0538,0.0205,0.0136,0.0259,0.0341,0.0292,0.0359,9180.0,1100.0,,,1,train
0.0143,0.0343,0.1228,0.1032,0.0753,0.0153,0.0323,0.0532,0.1027,0.0954,9180.0,1100.0,12430.0,3100.0,2,train
0.0,0.0137,0.0235,0.0556,0.0601,0.0097,0.017,0.0266,0.0789,0.0842,12430.0,3100.0,,,1,train
0.0,0.0,0.0103,0.0318,0.1973,0.0,0.0105,0.0115,0.0218,0.0621,14430.0,1350.0,,,1,train
0.0156,0.0209,0.0152,0.0106,0.0,0.0327,0.1784,0.0313,0.011,0.0272,5680.0,4850.0,,,1,train
0.0256,0.0365,0.0643,0.0812,0.0317,0.0407,0.1921,0.0604,0.0492,0.0448,5680.0,4850.0,10430.0,1850.0,2,train
0.0564,0.0457,0.0629,0.0797,0.0314,0.1564,0.0625,0.0476,0.0484,0.0449,10430.0,1850.0,2430.0,4350.0,2,train
0.0491,0.0324,0.0169,0.0114,0.0,0.1435,0.0482,0.0208,0.0117,0.0276,2430.0,4350.0,,,1,train
0.0968,0.1667,0.0355,0.015,0.0,0.1631,0.0693,0.0314,0.0143,0.0258,2430.0,4350.0,4930.0,100.0,2,train
0.1317,0.2287,0.0494,0.018,0.0,0.0631,0.0658,0.0369,0.0164,0.0257,4930.0,100.0,4430.0,1100.0,2,train
0.0836,0.0928,0.0299,0.0133,0.0,0.0425,0.0442,0.0251,0.0125,0.0252,4430.0,1100.0,,,1,train
0.0848,0.0793,0.0253,0.0113,0.0,0.0404,0.0404,0.0221,0.0106,0.0241,4180.0,1100.0,,,1,train
0.0866,0.0841,0.04,0.0427,0.0383,0.0423,0.0466,0.0438,0.1482,0.071,4180.0,1100.0,11930.0,4100.0,2,train
0.0089,0.0127,0.0209,0.038,0.0373,0.0088,0.0171,0.0302,0.1438,0.0708,11930.0,4100.0,,,1,train
0.0,0.0172,0.0478,0.1032,0.1029,0.0,0.0227,0.0543,0.2043,0.105,11930.0,4100.0,11430.0,2600.0,2,train
0.0,0.0141,0.0334,0.0711,0.0456,0.0,0.0179,0.033,0.0679,0.0597,11430.0,2600.0,,,1,train
0.0256,0.0556,0.0987,0.097,0.0555,0.0244,0.055,0.0769,0.0907,0.0678,11430.0,2600.0,7680.0,2100.0,2,train
0.0238,0.0475,0.0695,0.0313,0.0147,0.0222,0.0454,0.05,0.0285,0.0326,7680.0,2100.0,,,1,train
0.0235,0.049,0.0757,0.0549,0.1208,0.0222,0.047,0.0559,0.054,0.1463,7680.0,2100.0,15930.0,2850.0,2,train
0.0,0.0,0.0103,0.0287,0.1093,0.0,0.0114,0.0131,0.0313,0.137,15930.0,2850.0,,,1,train
0.0,0.0,0.0098,0.0317,0.1352,0.0,0.0029,0.0116,0.031,0.1153,15180.0,2350.0,,,1,test
0.0091,0.0217,0.0406,0.0563,0.1468,0.0116,0.0368,0.0972,0.0725,0.1263,15180.0,2350.0,8930.0,3850.0,2,train
0.0119,0.0218,0.0347,0.0302,0.0172,0.0134,0.0369,0.0918,0.0473,0.0353,8930.0,3850.0,,,1,train
0.0465,0.0437,0.0449,0.0333,0.0173,0.178,0.0848,0.1047,0.0503,0.0351,8930.0,3850.0,3180.0,4850.0,2,train
0.0394,0.0289,0.0163,0.0108,0.0,0.1696,0.0577,0.0217,0.011,0.0247,3180.0,4850.0,,,1,train
0.0391,0.0313,0.0274,0.0398,0.0449,0.1693,0.0609,0.0373,0.1546,0.0929,3180.0,4850.0,12430.0,4600.0,2,train
0.0099,0.0132,0.0195,0.0376,0.0443,0.0,0.0163,0.0266,0.1522,0.0923,12430.0,4600.0,,,1,train
0.0151,0.0348,0.0726,0.0706,0.0576,0.016,0.0426,0.0767,0.1841,0.1035,12430.0,4600.0,8680.0,2600.0,2,train
0.0158,0.0311,0.0588,0.0389,0.0179,0.0157,0.0375,0.058,0.0382,0.0332,8680.0,2600.0,,,1,train
0.1235,0.0549,0.0194,0.0115,0.0,0.0383,0.0344,0.0192,0.0112,0.0253,3180.0,850.0,,,1,train
0.1383,0.0607,0.0216,0.0245,0.217,0.043,0.0373,0.0197,0.017,0.05,3180.0,850.0,14680.0,1100.0,2,test
0.0,0.0095,0.0089,0.0223,0.215,0.0,0.0114,0.0108,0.0168,0.0512,14680.0,1100.0,,,1,train
0.0087,0.0282,0.1111,0.0465,0.0139,0.0,0.023,0.0323,0.0268,0.0303,8930.0,1100.0,,,1,train
0.154,0.0703,0.1259,0.0516,0.0167,0.0599,0.0564,0.0463,0.0323,0.0325,8930.0,1100.0,1680.0,1350.0,2,train
0.1458,0.0468,0.0199,0.0124,0.0,0.0532,0.0403,0.0214,0.0121,0.0255,1680.0,1350.0,,,1,train
0.16,0.0784,0.1475,0.0462,0.0177,0.0649,0.0591,0.0468,0.0315,0.0268,1680.0,1350.0,8680.0,850.0,2,train
0.0153,0.0374,0.1383,0.0677,0.1605,0.0152,0.0294,0.0398,0.0517,0.1093,8680.0,850.0,15180.0,2100.0,2,train
0.0,0.0084,0.0103,0.0332,0.1488,0.0,0.0107,0.014,0.0315,0.1012,15180.0,2100.0,,,1,train
0.0399,0.1273,0.152,0.0632,0.159,0.0315,0.0527,0.0543,0.0537,0.1091,15180.0,2100.0,7180.0,350.0,2,train
0.042,0.1263,0.1456,0.0378,0.0166,0.0332,0.0526,0.0495,0.0306,0.0297,7180.0,350.0,,,1,train
0.0647,0.1822,0.1713,0.0474,0.0193,0.0494,0.0777,0.0696,0.0389,0.0318,7180.0,350.0,6680.0,1100.0,2,test
0.0415,0.1077,0.082,0.028,0.0127,0.033,0.0506,0.0437,0.0246,0.0267,6680.0,1100.0,,,1,train
0.0105,0.015,0.0215,0.0534,0.0725,0.0111,0.0184,0.0277,0.0872,0.1104,12930.0,3350.0,,,1,train
0.0,0.0165,0.0392,0.1279,0.2155,0.0,0.02,0.0434,0.1498,0.2086,12930.0,3350.0,13430.0,2350.0,2,train
0.0,0.0133,0.0242,0.0816,0.1494,0.0,0.016,0.0267,0.0717,0.1221,13430.0,2350.0,,,1,train
0.0224,0.0479,0.1163,0.0931,0.1188,0.0214,0.0395,0.0541,0.0751,0.1015,13430.0,2350.0,8430.0,1350.0,2,train
0.0182,0.0421,0.1017,0.04,0.0163,0.0177,0.0329,0.0403,0.0292,0.0291,8430.0,1350.0,,,1,train
0.0119,0.0171,0.0259,0.0837,0.2775,0.0125,0.0203,0.0288,0.0693,0.1575,15430.0,1850.0,13680.0,2100.0,2,test
0.0,0.011,0.0163,0.0571,0.128,0.0,0.0134,0.0192,0.0451,0.0886,13680.0,2100.0,,,1,train
0.048,0.1271,0.0357,0.0145,0.0,0.0301,0.0379,0.0262,0.0133,0.0216,5430.0,850.0,,,1,train
0.0621,0.0991,0.0395,0.0162,0.0,0.0432,0.0527,0.0331,0.0152,0.0189,5180.0,1600.0,,,1,train
0.1201,0.1737,0.0691,0.0263,0.0105,0.0825,0.0976,0.0576,0.0252,0.0224,5180.0,1600.0,4930.0,1850.0,2,train
0.0629,0.0828,0.0345,0.0158,0.0,0.0459,0.0537,0.0321,0.0154,0.0211,4930.0,1850.0,,,1,train
0.2326,0.1185,0.0453,0.0187,0.0,0.084,0.0784,0.0417,0.0183,0.0212,4930.0,1850.0,1430.0,100.0,2,test
0.1775,0.0444,0.0177,0.011,0.0,0.0462,0.0356,0.0201,0.011,0.0205,1430.0,100.0,,,1,train
0.1942,0.0791,0.0641,0.0325,0.0135,0.0629,0.0784,0.0747,0.0341,0.0255,1430.0,100.0,7680.0,2850.0,2,train
0.0256,0.0446,0.054,0.0302,0.0146,0.0268,0.0553,0.0655,0.0323,0.0277,7680.0,2850.0,,,1,train
0.0782,0.1052,0.0806,0.039,0.0177,0.0704,0.1067,0.0905,0.041,0.0304,7680.0,2850.0,4930.0,2350.0,2,train
0.111,0.1536,0.0714,0.0285,0.013,0.0896,0.1119,0.0646,0.028,0.0264,4930.0,2350.0,5430.0,1850.0,2,test
0.0511,0.0833,0.0389,0.0166,0.0,0.0398,0.0529,0.0341,0.016,0.022,5430.0,1850.0,,,1,train
0.079,0.1529,0.1197,0.0404,0.0172,0.0611,0.09,0.07,0.0357,0.0299,5430.0,1850.0,7180.0,1350.0,2,train
0.0333,0.0775,0.0859,0.0298,0.0142,0.0287,0.0465,0.044,0.0258,0.0271,7180.0,1350.0,,,1,train
0.0352,0.0873,0.1226,0.1061,0.0469,0.0306,0.0562,0.0708,0.0729,0.0527,7180.0,1350.0,10930.0,2100.0,2,train
0.0104,0.0197,0.0434,0.0839,0.039,0.0116,0.022,0.0366,0.0555,0.0468,10930.0,2100.0,,,1,train
0.0,0.0129,0.0219,0.0717,0.0921,0.0,0.0152,0.0225,0.0507,0.0744,12930.0,2100.0,,,1,train
0.0385,0.0861,0.0726,0.0869,0.0975,0.0324,0.0528,0.0523,0.064,0.0787,12930.0,2100.0,6430.0,1600.0,2,train
0.038,0.0826,0.0572,0.0221,0.0104,0.0314,0.0483,0.0391,0.0205,0.0246,6430.0,1600.0,,,1,train
0.0386,0.0867,0.0724,0.0762,0.0862,0.0322,0.053,0.0534,0.0729,0.0883,6430.0,1600.0,12930.0,2600.0,2,train
0.0684,0.1732,0.0622,0.0353,0.0172,0.0431,0.0756,0.1055,0.0436,0.0315,4930.0,100.0,8180.0,3600.0,2,train
0.1278,0.0472,0.0191,0.0111,0.0,0.0636,0.043,0.0219,0.0111,0.0219,1180.0,2350.0,,,1,test
0.1357,0.0622,0.0444,0.0317,0.0161,0.0725,0.0716,0.1388,0.0536,0.0307,1180.0,2350.0,8930.0,4350.0,2,train
0.0164,0.0248,0.0326,0.0289,0.0166,0.0182,0.0411,0.1276,0.0505,0.0317,8930.0,4350.0,,,1,train
0.0145,0.0297,0.0504,0.0538,0.0332,0.0181,0.0505,0.1733,0.1643,0.0513,8930.0,4350.0,5180.0,600.0,2,train
0.0112,0.018,0.0268,0.0342,0.0244,0.0128,0.0253,0.0594,0.1244,0.0432,5180.0,600.0,,,1,test
0.0,0.0172,0.0325,0.0594,0.0992,0.0099,0.0244,0.0651,0.1578,0.172,5180.0,600.0,14430.0,3350.0,2,train
0.0,0.0122,0.0212,0.0581,0.134,0.0,0.0155,0.0252,0.0879,0.2858,14430.0,3350.0,13930.0,3850.0,2,train
0.0,0.0,0.0111,0.03,0.0571,0.0,0.0103,0.0151,0.0505,0.1561,13930.0,3850.0,,,1,train
0.0,0.02,0.0693,0.1223,0.0826,0.0,0.0202,0.038,0.0809,0.1721,13930.0,3850.0,10430.0,1100.0,2,train
0.0092,0.0248,0.0814,0.2037,0.0998,0.0111,0.0252,0.0433,0.0669,0.0685,10430.0,1100.0,12430.0,1100.0,2,train
0.0,0.0131,0.0241,0.1137,0.0758,0.009,0.0158,0.021,0.037,0.0522,12430.0,1100.0,,,1,train
0.041,0.0345,0.0331,0.1162,0.0766,0.1334,0.0662,0.0331,0.0394,0.0525,12430.0,1100.0,3430.0,4600.0,2,train
0.0435,0.0334,0.0177,0.0113,0.0,0.1344,0.065,0.0244,0.0118,0.0224,3430.0,4600.0,,,1,train
0.078,0.0783,0.0483,0.0216,0.0084,0.1737,0.148,0.0676,0.0232,0.0222,3430.0,4600.0,5930.0,3350.0,2,train
0.0418,0.0541,0.0379,0.0194,0.0097,0.0492,0.0956,0.0537,0.0208,0.0233,5930.0,3350.0,,,1,train
0.0482,0.0747,0.179,0.0541,0.0198,0.0546,0.1085,0.0734,0.0377,0.0306,5930.0,3350.0,8930.0,600.0,2,train
0.017,0.0315,0.1481,0.0424,0.0163,0.0164,0.0265,0.0302,0.0249,0.028,8930.0,600.0,,,1,train
0.0397,0.082,0.1966,0.0593,0.0218,0.0379,0.072,0.0695,0.0406,0.0324,8930.0,600.0,6680.0,2350.0,2,train
0.0341,0.0605,0.0499,0.023,0.0115,0.033,0.059,0.0484,0.0228,0.0251,6680.0,2350.0,,,1,train
0.1105,0.1177,0.0747,0.0315,0.0138,0.1222,0.1313,0.0759,0.0315,0.0269,6680.0,2350.0,3930.0,3100.0,2,train
0.0817,0.0641,0.0297,0.0155,0.0088,0.0959,0.0822,0.036,0.016,0.0231,3930.0,3100.0,,,1,train
0.1043,0.179,0.1135,0.0343,0.0137,0.1052,0.1077,0.0635,0.0297,0.0259,3930.0,3100.0,6680.0,600.0,2,train
0.044,0.1335,0.0938,0.0238,0.013,0.0334,0.0498,0.0421,0.0237,0.0258,6680.0,600.0,,,1,train
0.0409,0.1195,0.099,0.0473,0.0249,0.0336,0.0619,0.1281,0.0852,0.039,6680.0,600.0,9680.0,4850.0,2,test
0.0141,0.0216,0.0288,0.0308,0.0196,0.0154,0.0327,0.1026,0.0727,0.0353,9680.0,4850.0,,,1,train
0.0891,0.0892,0.0491,0.0363,0.0209,0.054,0.0676,0.1188,0.0775,0.036,9680.0,4850.0,4180.0,3600.0,2,train
0.085,0.0789,0.028,0.0143,0.0088,0.0493,0.0489,0.0274,0.0137,0.023,4180.0,3600.0,,,1,train
0.0848,0.0797,0.0327,0.034,0.0682,0.049,0.05,0.0324,0.0437,0.209,4180.0,3600.0,14680.0,3850.0,2,train
0.0095,0.0121,0.0119,0.0277,0.0657,0.0097,0.0147,0.0161,0.038,0.2062,14680.0,3850.0,,,1,train
0.0869,0.0485,0.0183,0.01,0.0,0.072,0.0492,0.0217,0.0098,0.0211,2930.0,2600.0,,,1,train
0.1692,0.089,0.0342,0.0146,0.0,0.1654,0.0947,0.0385,0.0144,0.0198,2930.0,2600.0,1930.0,3350.0,2,train
0.0912,0.0544,0.0498,0.1164,0.0468,0.1023,0.0615,0.0424,0.0474,0.0455,1930.0,3350.0,11430.0,1600.0,2,train
0.0126,0.0187,0.0367,0.1118,0.0452,0.0124,0.0208,0.0286,0.0433,0.0445,11430.0,1600.0,,,1,train
0.011,0.0264,0.0617,0.1458,0.0665,0.0128,0.0333,0.0818,0.1322,0.067,11430.0,1600.0,10430.0,3850.0,2,train
0.011,0.0224,0.0436,0.0984,0.1435,0.0125,0.0298,0.073,0.1264,0.0873,10430.0,3850.0,13430.0,1600.0,2,test
0.0,0.0116,0.0168,0.0629,0.1218,0.0,0.014,0.0179,0.0362,0.0647,13430.0,1600.0,,,1,train
0.0578,0.0609,0.0391,0.07,0.1252,0.0602,0.0722,0.0416,0.0432,0.0666,13430.0,1600.0,4680.0,2850.0,2,train
0.059,0.0596,0.0291,0.015,0.0087,0.0611,0.0711,0.0344,0.0153,0.0229,4680.0,2850.0,,,1,train
0.083,0.114,0.0898,0.0341,0.014,0.081,0.1081,0.0703,0.0316,0.0261,4680.0,2850.0,7180.0,1850.0,2,train
0.0138,0.0252,0.0396,0.0383,0.0211,0.0152,0.0358,0.0839,0.0617,0.0348,9430.0,3600.0,,,1,train
0.021,0.0354,0.0369,0.0227,0.012,0.0249,0.0665,0.077,0.0274,0.0254,7430.0,3600.0,,,1,train
0.031,0.0514,0.0593,0.0387,0.0193,0.0359,0.102,0.2341,0.0558,0.0323,7430.0,3600.0,8430.0,4600.0,2,train
0.0166,0.0246,0.0275,0.0226,0.0133,0.0184,0.0462,0.1657,0.0356,0.0272,8430.0,4600.0,,,1,train
0.0224,0.0462,0.0658,0.0436,0.02,0.0262,0.0781,0.2227,0.0602,0.0324,8430.0,4600.0,8180.0,3100.0,2,train
0.0194,0.0346,0.0464,0.0298,0.0148,0.0206,0.0469,0.0689,0.0341,0.0279,8180.0,3100.0,,,1,train
0.0895,0.0932,0.0696,0.0374,0.0173,0.0758,0.0977,0.091,0.0416,0.0297,8180.0,3100.0,4180.0,2350.0,2,train
0.0747,0.065,0.0272,0.0134,0.0,0.0608,0.0595,0.0286,0.0131,0.0214,4180.0,2350.0,,,1,train
0.2779,0.1069,0.0389,0.0157,0.0,0.1006,0.0857,0.0385,0.015,0.0206,4180.0,2350.0,2180.0,600.0,2,train
0.2084,0.0487,0.0172,0.0096,0.0,0.0454,0.0357,0.0179,0.0092,0.0197,2180.0,600.0,,,1,train
0.0103,0.0154,0.0266,0.0699,0.0617,0.0109,0.0185,0.0275,0.0668,0.0661,12180.0,2600.0,,,1,train
0.0375,0.094,0.0521,0.0185,0.0088,0.0286,0.0434,0.0319,0.0163,0.0224,6180.0,1350.0,,,1,train
0.1396,0.1735,0.0727,0.0248,0.0105,0.0647,0.0752,0.0477,0.0223,0.0232,6180.0,1350.0,3930.0,600.0,2,train
0.1045,0.0852,0.0241,0.0115,0.0,0.0402,0.0389,0.0215,0.0111,0.0207,3930.0,600.0,,,1,train
0.0586,0.0727,0.0625,0.045,0.0237,0.0611,0.0922,0.1034,0.0674,0.0366,9430.0,3600.0,4930.0,2850.0,2,train
0.1083,0.1462,0.0645,0.0261,0.0114,0.0912,0.1127,0.0605,0.0259,0.0226,4930.0,2850.0,5180.0,1600.0,2,train
0.0841,0.1531,0.1061,0.0377,0.016,0.0611,0.0862,0.0668,0.0338,0.0265,5180.0,1600.0,7180.0,1600.0,2,train
0.0288,0.0651,0.0724,0.0269,0.0121,0.0256,0.0437,0.0417,0.0235,0.0239,7180.0,1600.0,,,1,train
0.028,0.0797,0.0914,0.0252,0.0111,0.0229,0.0365,0.0339,0.0206,0.0231,7180.0,600.0,,,1,train
0.0393,0.1089,0.1913,0.0953,0.035,0.0334,0.0614,0.0774,0.0618,0.0414,7180.0,600.0,9430.0,1600.0,2,train
0.0145,0.0298,0.0928,0.0596,0.0233,0.015,0.0287,0.0413,0.0382,0.033,9430.0,1600.0,,,1,train
0.0151,0.0366,0.1137,0.1846,0.0627,0.0158,0.0345,0.0583,0.0707,0.0563,9430.0,1600.0,11430.0,1350.0,2,train
0.01,0.0171,0.038,0.1325,0.0456,0.0108,0.0189,0.027,0.0409,0.044,11430.0,1350.0,,,1,test
0.0152,0.041,0.1058,0.1816,0.0647,0.017,0.0437,0.0811,0.0846,0.0598,11430.0,1350.0,9180.0,2350.0,2,train
0.0176,0.0353,0.0742,0.056,0.025,0.0185,0.0384,0.0637,0.0515,0.0366,9180.0,2350.0,,,1,test
0.0568,0.0789,0.0992,0.0642,0.0286,0.0658,0.1186,0.0976,0.0161,0.0397,9180.0,2350.0,5430.0,3350.0,2,train
0.0431,0.0504,0.0312,0.0158,0.0087,0.0533,0.0891,0.0429,0.0171,0.0227,5430.0,3350.0,,,1,train
0.0511,0.065,0.0564,0.0362,0.0181,0.0619,0.117,0.1567,0.0584,0.032,5430.0,3350.0,8930.0,4350.0,2,test
0.0177,0.0286,0.0457,0.068,0.0758,0.0197,0.0448,0.1391,0.1189,0.1101,8930.0,4350.0,12930.0,3350.0,2,train
0.0096,0.0156,0.0275,0.0751,0.2232,0.0104,0.0187,0.0314,0.1035,0.1895,12930.0,3350.0,15680.0,2100.0,2,train
0.0,0.0096,0.0121,0.0333,0.1619,0.0,0.0117,0.0147,0.0322,0.1105,15680.0,2100.0,,,1,train
0.01,0.0274,0.0552,0.0718,0.179,0.0134,0.0374,0.0889,0.0901,0.1267,15680.0,2100.0,9430.0,3350.0,2,train
0.0144,0.028,0.0495,0.0452,0.0237,0.0162,0.0379,0.0841,0.0656,0.0375,9430.0,3350.0,,,1,train
0.0351,0.056,0.0736,0.0566,0.0293,0.0446,0.131,0.1355,0.0792,0.0416,9430.0,3350.0,6430.0,4100.0,2,train
0.0267,0.0354,0.0287,0.0165,0.0088,0.0351,0.1024,0.06,0.0197,0.0229,6430.0,4100.0,,,1,train
0.0275,0.0383,0.0379,0.0451,0.0728,0.0361,0.1055,0.0698,0.0672,0.1519,6430.0,4100.0,13930.0,3600.0,2,train
0.0,0.0111,0.0144,0.034,0.0679,0.0,0.0134,0.0179,0.0536,0.1474,13930.0,3600.0,,,1,train
0.0,0.0093,0.0176,0.0554,0.23,0.0,0.0114,0.02,0.0711,0.2042,13930.0,3600.0,15930.0,1350.0,2,train
0.0,0.0033,0.0109,0.0288,0.1688,0.0,0.0107,0.0135,0.0263,0.0797,15930.0,1350.0,,,1,train
0.1715,0.0405,0.017,0.0286,0.1676,0.04,0.0294,0.0172,0.0253,0.0788,15930.0,1350.0,1430.0,350.0,2,train
0.2761,0.0943,0.0303,0.0132,0.0,0.0897,0.0646,0.0295,0.0134,0.0233,1430.0,350.0,3180.0,1600.0,2,train
0.1121,0.0598,0.0204,0.0093,0.0,0.053,0.042,0.0208,0.0092,0.0196,3180.0,1600.0,,,1,train
0.1137,0.0625,0.0276,0.0362,0.1169,0.0544,0.045,0.0275,0.0374,0.1119,3180.0,1600.0,14930.0,2600.0,2,train
0.0111,0.0134,0.0144,0.0333,0.1159,0.0112,0.0156,0.017,0.0349,0.1114,14930.0,2600.0,,,1,train
0.0,0.0094,0.0167,0.053,0.1933,0.0,0.0114,0.0188,0.0595,0.257,14930.0,2600.0,15680.0,3600.0,2,train
0.0132,0.0147,0.0145,0.0287,0.0855,0.0133,0.0174,0.0177,0.035,0.1683,15680.0,3600.0,,,1,train
0.1169,0.0473,0.0217,0.0294,0.0851,0.0637,0.042,0.0237,0.0351,0.168,15680.0,3600.0,1930.0,2100.0,2,train
0.0111,0.0132,0.0128,0.0238,0.0569,0.0112,0.0153,0.016,0.032,0.2046,14930.0,3850.0,,,1,test
0.0,0.0109,0.0216,0.0651,0.0764,0.0,0.0128,0.0228,0.0637,0.0777,12680.0,2600.0,,,1,train
0.0456,0.0438,0.0239,0.012,0.0,0.067,0.083,0.033,0.0128,0.0197,4680.0,3600.0,,,1,train
0.0467,0.0451,0.028,0.033,0.2036,0.0678,0.0842,0.0359,0.0269,0.0584,4680.0,3600.0,14680.0,1350.0,2,train
0.0113,0.0132,0.013,0.0294,0.2006,0.0113,0.0153,0.0153,0.0235,0.0587,14680.0,1350.0,,,1,train
0.0797,0.0928,0.033,0.0343,0.1971,0.0413,0.0432,0.0288,0.028,0.0597,14680.0,1350.0,4430.0,1100.0,2,train
0.165,0.0479,0.0191,0.0106,0.0,0.0518,0.0386,0.0212,0.0111,0.0195,1430.0,850.0,,,1,train
0.1728,0.0688,0.0809,0.0516,0.0166,0.0581,0.0577,0.0592,0.0425,0.0288,1430.0,850.0,9180.0,2100.0,2,train
0.0173,0.0323,0.0705,0.0495,0.0179,0.0175,0.0333,0.0501,0.0411,0.0311,9180.0,2100.0,,,1,train
0.0146,0.0321,0.0763,0.0702,0.0607,0.0155,0.0333,0.0568,0.0862,0.1849,9180.0,2100.0,13930.0,4350.0,2,train
0.009,0.0129,0.0151,0.0291,0.0463,0.01,0.0156,0.0195,0.0551,0.1728,13930.0,4350.0,,,1,train
0.0661,0.1246,0.0311,0.0317,0.0464,0.0298,0.0333,0.027,0.0563,0.1721,13930.0,4350.0,4680.0,350.0,2,train
0.0693,0.1256,0.0276,0.0133,0.0,0.0327,0.035,0.0228,0.0133,0.0221,4680.0,350.0,,,1,train
0.1842,0.1965,0.0426,0.015,0.0,0.0649,0.0613,0.0335,0.0139,0.019,4680.0,350.0,3680.0,350.0,2,train
0.1251,0.0825,0.0248,0.0122,0.0,0.0426,0.0397,0.0237,0.0122,0.0193,3680.0,350.0,,,1,train
0.0124,0.0202,0.0415,0.0935,0.0906,0.0132,0.0243,0.0473,0.1499,0.1513,11680.0,2850.0,13180.0,4100.0,2,train
0.0,0.0123,0.0172,0.0356,0.0483,0.009,0.0152,0.0225,0.0807,0.113,13180.0,4100.0,,,1,train
0.0825,0.1148,0.0353,0.0395,0.0492,0.0356,0.0388,0.0335,0.0837,0.1134,13180.0,4100.0,4430.0,350.0,2,train
0.0841,0.1158,0.0365,0.0463,0.0768,0.0371,0.0401,0.0329,0.0578,0.1113,4430.0,350.0,13680.0,3100.0,2,train
0.0092,0.0123,0.0164,0.0407,0.0747,0.0101,0.015,0.0197,0.0529,0.1094,13680.0,3100.0,,,1,train
0.0,0.0107,0.0235,0.0699,0.1346,0.0,0.0137,0.0271,0.1042,0.2219,13680.0,3100.0,13680.0,3600.0,2,train
0.0,0.0096,0.0147,0.0361,0.0625,0.0,0.0121,0.0187,0.0596,0.1322,13680.0,3600.0,,,1,train
0.0129,0.02,0.0157,0.011,0.0,0.0265,0.1649,0.0369,0.0128,0.0209,5930.0,4850.0,,,1,train
0.0185,0.026,0.03,0.0475,0.0521,0.0305,0.1702,0.0532,0.0957,0.09,5930.0,4850.0,12680.0,3600.0,2,train
0.0,0.0126,0.0197,0.0433,0.051,0.0093,0.0145,0.0251,0.0904,0.089,12680.0,3600.0,,,1,train
0.0,0.013,0.031,0.087,0.1222,0.0,0.0152,0.0359,0.1407,0.157,12680.0,3600.0,13180.0,2850.0,2,train
0.0,0.0116,0.0195,0.0513,0.0746,0.0,0.0133,0.0222,0.0594,0.0888,13180.0,2850.0,,,1,train
0.0,0.0172,0.0445,0.1229,0.1198,0.0,0.0192,0.043,0.1133,0.1228,13180.0,2850.0,11680.0,2350.0,2,train
0.0,0.0149,0.0322,0.0787,0.0487,0.005,0.0165,0.031,0.0624,0.0542,11680.0,2350.0,,,1,train
0.1533,0.0639,0.0433,0.0814,0.0494,0.0367,0.0364,0.0393,0.0646,0.0543,11680.0,2350.0,3180.0,100.0,2,train
0.1522,0.0584,0.0195,0.0115,0.0,0.0366,0.0314,0.0199,0.012,0.0215,3180.0,100.0,,,1,train
0.2065,0.1161,0.0423,0.0167,0.0,0.0828,0.0808,0.0413,0.0164,0.0196,3180.0,100.0,4680.0,2350.0,2,train
0.211,0.1069,0.0423,0.0173,0.0,0.0984,0.087,0.0426,0.0173,0.0203,4680.0,2350.0,1930.0,1100.0,2,train
0.1527,0.0456,0.0147,0.0,0.0,0.0496,0.0348,0.0161,0.0,0.0163,1930.0,1100.0,,,1,train
0.1557,0.0522,0.0359,0.1397,0.0613,0.0524,0.0415,0.0303,0.0364,0.0425,1930.0,1100.0,12180.0,850.0,2,train
0.0094,0.0144,0.0248,0.1353,0.0599,0.0103,0.0162,0.0209,0.0336,0.0428,12180.0,850.0,,,1,train
0.0107,0.0294,0.0668,0.1723,0.0772,0.0137,0.0369,0.081,0.0829,0.0585,12180.0,850.0,9430.0,3100.0,2,train
0.0136,0.0273,0.0498,0.0443,0.0227,0.0157,0.0348,0.0708,0.0577,0.0343,9430.0,3100.0,,,1,train
0.0101,0.0167,0.0255,0.0386,0.0323,0.0116,0.0214,0.0418,0.1556,0.0531,11430.0,4100.0,,,1,train
0.0,0.0166,0.0349,0.0691,0.079,0.0091,0.0219,0.0549,0.2591,0.1496,11430.0,4100.0,12930.0,4600.0,2,train
0.0,0.0119,0.0182,0.0379,0.0522,0.0,0.0148,0.0249,0.1136,0.1165,12930.0,4600.0,,,1,test
0.0,0.0101,0.0153,0.026,0.0244,0.0,0.0133,0.0261,0.1492,0.0468,11680.0,4350.0,,,1,train
0.1537,0.054,0.0282,0.03,0.0258,0.0444,0.039,0.0371,0.1521,0.0478,11680.0,4350.0,2680.0,850.0,2,train
0.1531,0.051,0.0182,0.0099,0.0,0.0435,0.035,0.0194,0.0,0.0202,2680.0,850.0,,,1,train
0.0359,0.0309,0.0166,0.0087,0.0,0.0954,0.0854,0.0254,0.0,0.0177,4180.0,5100.0,,,1,train
0.0378,0.0362,0.0338,0.0647,0.0721,0.0973,0.091,0.0413,0.0608,0.0739,4180.0,5100.0,12680.0,2600.0,2,test
0.013,0.0243,0.0866,0.057,0.0196,0.0131,0.022,0.0282,0.0244,0.0287,9680.0,600.0,,,1,test
0.0641,0.1434,0.1097,0.0368,0.0,0.0549,0.0931,0.0744,0.0314,0.0265,6430.0,2350.0,6680.0,1100.0,2,train
0.0388,0.1003,0.1251,0.116,0.0362,0.032,0.053,0.0589,0.0477,0.0403,6680.0,1100.0,10430.0,1100.0,2,train
0.0926,0.0671,0.0818,0.1055,0.0326,0.0798,0.0659,0.0489,0.0405,0.0375,10430.0,1100.0,3180.0,2600.0,2,train
0.1019,0.087,0.0924,0.0445,0.0192,0.0885,0.0843,0.0706,0.0378,0.0305,3180.0,2600.0,8430.0,2100.0,2,train
0.0189,0.0404,0.0748,0.0385,0.0166,0.0195,0.039,0.0526,0.0316,0.0281,8430.0,2100.0,,,1,train
0.0251,0.0578,0.145,0.1083,0.0382,0.0252,0.0536,0.0806,0.0624,0.044,8430.0,2100.0,9930.0,1350.0,2,train
0.0123,0.0253,0.0757,0.0747,0.0255,0.0136,0.0248,0.0356,0.0346,0.0337,9930.0,1350.0,,,1,train
0.0285,0.1052,0.0725,0.0208,0.0102,0.0223,0.0342,0.0302,0.0158,0.0231,6680.0,350.0,,,1,train
0.0571,0.1975,0.126,0.0336,0.0126,0.0414,0.0628,0.053,0.0251,0.024,6680.0,350.0,6430.0,850.0,2,train
0.0355,0.1025,0.0607,0.0204,0.0103,0.0277,0.0397,0.0327,0.0165,0.023,6430.0,850.0,,,1,test
0.0518,0.1246,0.0784,0.0273,0.0112,0.0548,0.1802,0.0796,0.0254,0.0234,6430.0,850.0,6180.0,4600.0,2,train
0.0289,0.0346,0.0271,0.0164,0.0097,0.04,0.1548,0.0595,0.0178,0.023,6180.0,4600.0,,,1,train
0.0479,0.0542,0.0379,0.0189,0.0087,0.0832,0.2678,0.0812,0.021,0.0218,6180.0,4600.0,5180.0,4600.0,2,train
0.0344,0.035,0.0347,0.0137,0.0,0.0581,0.1311,0.0368,0.0138,0.0215,5180.0,4600.0,,,1,test
0.0917,0.0986,0.0463,0.0202,0.0098,0.0995,0.1733,0.0572,0.0197,0.0226,5180.0,4600.0,4680.0,2100.0,2,train
0.0661,0.0739,0.0315,0.0144,0.0,0.0513,0.0556,0.0313,0.0133,0.021,4680.0,2100.0,,,1,train
0.0709,0.0863,0.075,0.0934,0.0376,0.0557,0.0673,0.0577,0.053,0.0429,4680.0,2100.0,10680.0,1850.0,2,train
0.0121,0.0214,0.0502,0.0858,0.035,0.0128,0.0219,0.0359,0.0458,0.0408,10680.0,1850.0,,,1,train
0.0472,0.0515,0.0272,0.0132,0.0,0.0558,0.0715,0.0341,0.0127,0.0208,4930.0,3100.0,,,1,train
0.0495,0.0555,0.0382,0.0475,0.0782,0.0578,0.076,0.0456,0.0644,0.1295,4930.0,3100.0,13680.0,3350.0,2,train
0.0,0.0121,0.0161,0.0397,0.0751,0.0087,0.0132,0.0199,0.0566,0.1268,13680.0,3350.0,,,1,train
0.196,0.0314,0.0181,0.0395,0.0748,0.0188,0.0173,0.02,0.0561,0.1266,13680.0,3350.0,2680.0,100.0,2,train
0.3553,0.0707,0.0228,0.0114,0.0,0.0651,0.0454,0.023,0.0104,0.0222,2680.0,100.0,1680.0,850.0,2,train
0.1611,0.0454,0.017,0.0091,0.0,0.0481,0.0344,0.019,0.0,0.0187,1680.0,850.0,,,1,train
0.0617,0.0902,0.033,0.0126,0.0,0.0424,0.0469,0.0283,0.0105,0.0183,4930.0,1600.0,,,1,train
0.0103,0.0199,0.029,0.0301,0.019,0.0133,0.0288,0.0966,0.0698,0.0333,9680.0,4600.0,,,1,train
0.0112,0.0344,0.1488,0.0308,0.0138,0.0123,0.0219,0.0272,0.0198,0.0254,8430.0,600.0,,,1,train
0.0705,0.0775,0.1643,0.0354,0.0138,0.0825,0.0769,0.0466,0.0241,0.0245,8430.0,600.0,3930.0,3100.0,2,train
0.0902,0.1933,0.0604,0.0221,0.0111,0.0928,0.0856,0.0454,0.0198,0.0236,3930.0,3100.0,5930.0,350.0,2,train
0.0338,0.1505,0.0426,0.0161,0.007,0.025,0.0316,0.0257,0.0136,0.0215,5930.0,350.0,,,1,train
0.109,0.0468,0.0175,0.0091,0.0,0.0762,0.0448,0.0212,0.0,0.0184,1680.0,2600.0,,,1,train
0.1173,0.0666,0.0879,0.0681,0.0253,0.0835,0.0618,0.0527,0.041,0.0329,1680.0,2600.0,9680.0,1600.0,2,test
0.1301,0.0787,0.091,0.0698,0.027,0.0641,0.0601,0.0548,0.043,0.0354,9680.0,1600.0,2930.0,1600.0,2,train
0.1212,0.0583,0.021,0.0118,0.0,0.0561,0.0422,0.0232,0.0113,0.0214,2930.0,1600.0,,,1,train
0.1429,0.0806,0.0341,0.0154,0.0,0.096,0.17,0.0491,0.0159,0.02,2930.0,1600.0,5430.0,4600.0,2,train
0.03,0.0318,0.0204,0.0127,0.0,0.0489,0.1383,0.0371,0.0135,0.0205,5430.0,4600.0,,,1,train
0.0275,0.0325,0.03,0.0409,0.0482,0.0475,0.1402,0.0505,0.1178,0.0962,5430.0,4600.0,12680.0,4600.0,2,train
0.0,0.0125,0.0171,0.0357,0.0462,0.0093,0.0141,0.0248,0.1116,0.0947,12680.0,4600.0,,,1,train
0.0,0.01,0.0193,0.0647,0.087,0.0,0.011,0.021,0.0534,0.0783,7430.0,3100.0,,,1,train
0.0235,0.0445,0.0603,0.0845,0.0951,0.0265,0.0609,0.0794,0.0794,0.0852,7430.0,3100.0,12930.0,2350.0,2,train
0.0228,0.0402,0.0441,0.0248,0.0133,0.0257,0.0561,0.0652,0.027,0.0258,12930.0,2350.0,,,1,test
0.145,0.0822,0.0581,0.029,0.0136,0.086,0.0909,0.0784,0.0309,0.0259,12930.0,2350.0,1430.0,2100.0,2,train
0.1271,0.0474,0.0175,0.0095,0.0,0.0656,0.041,0.0206,0.0089,0.0195,1430.0,2100.0,,,1,test
0.0654,0.0515,0.0223,0.011,0.0,0.068,0.057,0.0267,0.0104,0.019,3930.0,2850.0,,,1,train
0.0802,0.0694,0.0545,0.0745,0.0626,0.0841,0.0787,0.0592,0.1038,0.0693,3930.0,2850.0,11930.0,3100.0,2,train
0.0536,0.0702,0.0642,0.0791,0.0652,0.0603,0.0971,0.0735,0.109,0.0717,11930.0,3100.0,5430.0,3100.0,2,train
0.0515,0.0626,0.0403,0.0166,0.0,0.0589,0.0895,0.0464,0.0171,0.0092,5430.0,3100.0,,,1,train
0.07,0.0886,0.0623,0.0279,0.0108,0.0846,0.2121,0.1055,0.0318,0.0132,5430.0,3100.0,6430.0,4600.0,2,train
0.0298,0.0376,0.033,0.0198,0.0119,0.039,0.144,0.0744,0.024,0.0149,6430.0,4600.0,,,1,train
0.0461,0.0706,0.0757,0.0419,0.0189,0.0567,0.1922,0.1446,0.0504,0.0199,6430.0,4600.0,7680.0,3350.0,2,train
0.0272,0.0445,0.054,0.0331,0.0163,0.0296,0.0682,0.0886,0.0386,0.0183,7680.0,3350.0,,,1,train
0.0317,0.0582,0.0905,0.0865,0.0475,0.0341,0.0833,0.1329,0.1131,0.0466,7680.0,3350.0,10430.0,3100.0,2,train
0.0146,0.0239,0.049,0.0672,0.0419,0.0146,0.0293,0.0611,0.0903,0.0425,10430.0,3100.0,,,1,train
0.0225,0.0511,0.1401,0.119,0.0575,0.0223,0.0502,0.0968,0.1194,0.0531,10430.0,3100.0,9180.0,1600.0,2,train
0.0212,0.0394,0.1066,0.0693,0.0299,0.02,0.0365,0.0516,0.0471,0.0279,9180.0,1600.0,,,1,train
0.0228,0.0496,0.1312,0.1007,0.0491,0.0228,0.0521,0.1164,0.1356,0.0481,9180.0,1600.0,10180.0,4100.0,2,train
0.0152,0.023,0.039,0.047,0.0331,0.0155,0.0316,0.0818,0.1063,0.0372,10180.0,4100.0,,,1,test
0.1117,0.0984,0.0598,0.0498,0.0298,0.0601,0.0675,0.0952,0.1072,0.0333,10180.0,4100.0,3930.0,1350.0,2,train
0.1095,0.0882,0.0338,0.0153,0.0098,0.0581,0.0527,0.0292,0.0151,0.0133,3930.0,1350.0,,,1,train
0.1152,0.1099,0.1215,0.0754,0.0267,0.0626,0.0681,0.0599,0.0455,0.0239,3930.0,1350.0,9430.0,1350.0,2,train
0.0205,0.0355,0.103,0.0742,0.0313,0.0195,0.0334,0.046,0.0451,0.0286,9430.0,1350.0,,,1,train
0.0241,0.0355,0.044,0.0332,0.0207,0.0266,0.0639,0.1315,0.0465,0.023,8180.0,4100.0,,,1,train
0.1084,0.0826,0.0592,0.0338,0.0153,0.0997,0.1064,0.1436,0.0458,0.0176,8180.0,4100.0,3180.0,2600.0,2,train
0.1218,0.145,0.1673,0.0398,0.0157,0.1045,0.0921,0.0601,0.032,0.0168,3180.0,2600.0,7430.0,100.0,2,train
0.0365,0.0957,0.1484,0.0368,0.0172,0.0298,0.0454,0.0435,0.0285,0.018,7430.0,100.0,,,1,train
0.0532,0.0881,0.0493,0.0215,0.012,0.044,0.0584,0.0403,0.0209,0.0148,5680.0,1850.0,,,1,train
0.0744,0.1177,0.0409,0.0168,0.0089,0.0456,0.0499,0.0317,0.0161,0.0121,4930.0,1100.0,,,1,train
0.2257,0.1551,0.051,0.0165,0.0,0.0921,0.0764,0.0395,0.0148,0.0011,4930.0,1100.0,1430.0,1100.0,2,train
0.1717,0.0529,0.0236,0.0135,0.0101,0.0628,0.0442,0.0237,0.0139,0.0131,1430.0,1100.0,,,1,train
0.1924,0.0964,0.0614,0.0253,0.0085,0.0873,0.1067,0.0741,0.0267,0.0107,1430.0,1100.0,6680.0,3100.0,2,train
0.0382,0.0586,0.0532,0.0282,0.0151,0.0416,0.0823,0.0682,0.0303,0.0169,6680.0,3100.0,,,1,train
0.0698,0.0888,0.0685,0.0309,0.0121,0.1048,0.1863,0.092,0.0333,0.014,6680.0,3100.0,4930.0,4350.0,2,train
0.0468,0.045,0.03,0.0178,0.0123,0.08,0.1269,0.0422,0.0196,0.0151,4930.0,4350.0,,,1,train
0.0518,0.0626,0.0752,0.0644,0.0335,0.0844,0.1464,0.1024,0.0809,0.0331,4930.0,4350.0,9680.0,3100.0,2,train
0.0178,0.0302,0.0581,0.0608,0.0352,0.0178,0.037,0.0773,0.0765,0.0351,9680.0,3100.0,,,1,train
0.0112,0.0288,0.0686,0.1276,0.1494,0.0125,0.0346,0.084,0.1125,0.0916,9680.0,3100.0,13180.0,1850.0,2,test
0.0122,0.015,0.0266,0.0874,0.1336,0.0116,0.0174,0.0251,0.0572,0.0776,13180.0,1850.0,,,1,train
0.0203,0.0371,0.0522,0.097,0.1327,0.0255,0.0793,0.1095,0.073,0.0765,13180.0,1850.0,7430.0,4100.0,2,train
0.0255,0.0372,0.0403,0.0256,0.0138,0.03,0.0802,0.1015,0.033,0.017,7430.0,4100.0,,,1,train
0.0492,0.196,0.075,0.0318,0.0134,0.0434,0.0975,0.113,0.0364,0.0156,7430.0,4100.0,5930.0,100.0,2,train
0.0367,0.1696,0.0478,0.018,0.0105,0.0262,0.0335,0.0263,0.0165,0.0137,5930.0,100.0,,,1,test
0.0907,0.1972,0.056,0.0156,0.0,0.1472,0.077,0.0364,0.0138,0.0,5930.0,100.0,2680.0,3850.0,2,train
0.0708,0.0423,0.023,0.0127,0.0087,0.1367,0.0617,0.026,0.0134,0.0122,2680.0,3850.0,,,1,train
0.1017,0.0975,0.0314,0.0125,0.0,0.047,0.0446,0.0255,0.0121,0.0097,4180.0,850.0,,,1,train
0.1551,0.129,0.0434,0.0153,0.0,0.1853,0.0905,0.0395,0.015,0.0021,4180.0,850.0,2430.0,4100.0,2,train
0.0682,0.0411,0.0217,0.0116,0.0,0.1525,0.0598,0.0248,0.0124,0.0111,2430.0,4100.0,,,1,test
0.0517,0.0445,0.0271,0.0133,0.0,0.0924,0.0999,0.0355,0.0143,0.0103,4430.0,4100.0,,,1,train
0.0526,0.0542,0.0634,0.0998,0.0559,0.0931,0.1082,0.0655,0.0818,0.0468,4430.0,4100.0,11180.0,2350.0,2,train
0.0195,0.0362,0.0804,0.1286,0.0752,0.0198,0.0467,0.1227,0.1462,0.0664,9680.0,3850.0,8430.0,3600.0,2,train
0.0205,0.0371,0.0529,0.0375,0.018,0.0228,0.0574,0.1127,0.0505,0.02,8430.0,3600.0,,,1,train
0.1117,0.1246,0.0746,0.0435,0.0192,0.0639,0.0932,0.1295,0.0556,0.021,8430.0,3600.0,4180.0,1100.0,2,train
0.2486,0.1365,0.0407,0.0118,0.0,0.0945,0.0731,0.0331,0.0108,0.0,4180.0,1100.0,1930.0,1100.0,2,train
0.0284,0.0681,0.1267,0.0326,0.0141,0.0245,0.0379,0.0372,0.0249,0.0156,7680.0,600.0,,,1,train
0.0436,0.0953,0.1518,0.0437,0.0163,0.0469,0.1238,0.1101,0.0408,0.017,7680.0,600.0,6930.0,4100.0,2,train
0.0298,0.0423,0.0396,0.0236,0.0124,0.0368,0.1038,0.088,0.0287,0.015,6930.0,4100.0,,,1,train
0.0288,0.0456,0.0552,0.061,0.0513,0.036,0.1078,0.1087,0.1508,0.0657,6930.0,4100.0,11930.0,3850.0,2,train
0.0488,0.0392,0.0344,0.0488,0.0456,0.1919,0.0628,0.0445,0.1353,0.061,11930.0,3850.0,2930.0,4600.0,2,train
0.0478,0.0343,0.0169,0.0,0.0,0.1871,0.0567,0.0202,0.0013,0.009,2930.0,4600.0,,,1,train
0.0507,0.047,0.0512,0.0482,0.025,0.1899,0.0741,0.0859,0.0826,0.0271,2930.0,4600.0,9930.0,3600.0,2,test
0.0174,0.0347,0.0718,0.1411,0.0697,0.0185,0.0489,0.1541,0.1034,0.0549,8930.0,4350.0,11430.0,1850.0,2,train
0.0102,0.0188,0.0453,0.1207,0.0603,0.0096,0.0192,0.0337,0.0611,0.0462,11430.0,1850.0,,,1,train
0.014,0.0333,0.0752,0.1468,0.0733,0.0153,0.0438,0.1271,0.1206,0.059,11430.0,1850.0,9430.0,4100.0,2,train
0.0185,0.0295,0.0436,0.0419,0.026,0.0184,0.0409,0.1086,0.0765,0.0292,9430.0,4100.0,,,1,train
0.0096,0.0249,0.0507,0.1052,0.1634,0.0113,0.0355,0.1114,0.0998,0.0696,9430.0,4100.0,13430.0,1100.0,2,train
0.0127,0.0166,0.0247,0.0813,0.153,0.0116,0.0173,0.0216,0.0426,0.06,13430.0,1100.0,,,1,train
0.0131,0.0304,0.0618,0.1125,0.1645,0.0139,0.0376,0.0883,0.0929,0.0708,13430.0,1100.0,9430.0,3350.0,2,train
0.0166,0.0365,0.0698,0.0735,0.044,0.0177,0.0476,0.125,0.2217,0.0495,9430.0,3350.0,10930.0,4850.0,2,train
0.0105,0.0184,0.0291,0.0375,0.0277,0.0105,0.0229,0.0577,0.17,0.0356,10930.0,4850.0,,,1,train
0.0256,0.0576,0.1008,0.0676,0.0375,0.0246,0.0561,0.1015,0.1915,0.0419,10930.0,4850.0,8180.0,2100.0,2,train
0.099,0.0973,0.0346,0.0143,0.0,0.0527,0.0517,0.0282,0.0134,0.0118,4180.0,1350.0,,,1,train
0.0942,0.0949,0.0395,0.0556,0.1965,0.0486,0.0487,0.0316,0.0387,0.0694,4180.0,1350.0,14180.0,1600.0,2,train
0.0124,0.0168,0.0205,0.0545,0.1987,0.0111,0.0162,0.0187,0.0381,0.0733,14180.0,1600.0,,,1,train
0.0563,0.0963,0.0625,0.0639,0.1961,0.0468,0.0691,0.051,0.0479,0.0718,14180.0,1600.0,5680.0,2100.0,2,train
0.0597,0.0981,0.0573,0.0229,0.0101,0.0495,0.0709,0.0468,0.0219,0.0134,5680.0,2100.0,,,1,train
0.0546,0.1573,0.0639,0.0517,0.1391,0.0359,0.0498,0.0408,0.049,0.1194,14930.0,2600.0,5680.0,850.0,2,train
0.0612,0.1615,0.0629,0.0244,0.0129,0.0413,0.0551,0.0403,0.0225,0.0161,5680.0,850.0,,,1,train
0.0546,0.1583,0.0621,0.0439,0.2164,0.0357,0.0493,0.038,0.0338,0.0558,5680.0,850.0,14680.0,1350.0,2,train
0.0257,0.0486,0.0803,0.1063,0.2399,0.0228,0.042,0.0667,0.0864,0.0795,14680.0,1350.0,10180.0,2350.0,2,train
0.0252,0.0494,0.0771,0.0839,0.0372,0.0221,0.0417,0.0636,0.0709,0.0365,10180.0,2350.0,,,1,train
0.0243,0.0535,0.0879,0.1131,0.0836,0.0215,0.0443,0.0769,0.1651,0.1285,10180.0,2350.0,12930.0,4350.0,2,train
0.0185,0.0385,0.0427,0.084,0.2414,0.0157,0.0279,0.0405,0.1446,0.2046,12930.0,4350.0,14930.0,2100.0,2,train
0.0144,0.036,0.0292,0.0457,0.169,0.0116,0.021,0.0218,0.04,0.1019,14930.0,2100.0,,,1,train
0.0414,0.0843,0.092,0.073,0.1781,0.037,0.0732,0.0835,0.0679,0.1076,14930.0,2100.0,7680.0,2600.0,2,train
0.0436,0.085,0.0864,0.0409,0.016,0.0387,0.074,0.0788,0.0396,0.0182,7680.0,2600.0,,,1,train
0.0625,0.1442,0.2142,0.0633,0.0237,0.0527,0.098,0.1036,0.0544,0.0233,7680.0,2600.0,7680.0,350.0,2,train
0.0419,0.1032,0.1589,0.0371,0.013,0.0327,0.0529,0.0475,0.0277,0.0149,7680.0,350.0,,,1,train
0.0515,0.1228,0.1942,0.0728,0.0319,0.0429,0.0805,0.1269,0.0877,0.0326,7680.0,350.0,9430.0,3600.0,2,train
0.0419,0.0826,0.0985,0.0774,0.0382,0.0392,0.0886,0.2105,0.1207,0.0404,9430.0,3600.0,8930.0,4100.0,2,train
0.057,0.1186,0.1317,0.066,0.0292,0.0501,0.1,0.1736,0.083,0.0304,8930.0,4100.0,7430.0,1850.0,2,train
0.0484,0.1009,0.1007,0.0394,0.0154,0.0403,0.0686,0.0637,0.0339,0.0175,7430.0,1850.0,,,1,train
0.0773,0.2528,0.1389,0.0485,0.0185,0.0577,0.0918,0.0809,0.0414,0.0194,7430.0,1850.0,5930.0,350.0,2,train
0.0272,0.0562,0.0584,0.1579,0.0716,0.0223,0.0368,0.0404,0.0535,0.0468,11930.0,1350.0,,,1,train
0.0663,0.144,0.1101,0.1702,0.0744,0.0517,0.0808,0.0724,0.0653,0.0481,11930.0,1350.0,6180.0,1600.0,2,train
0.0743,0.155,0.1174,0.0625,0.0294,0.0598,0.1022,0.1422,0.0892,0.0312,6180.0,1600.0,9430.0,3850.0,2,train
0.0136,0.0237,0.0404,0.0412,0.0222,0.0146,0.037,0.0972,0.0711,0.0269,9430.0,3850.0,,,1,train
0.0871,0.0924,0.0678,0.0483,0.0241,0.0755,0.0945,0.1202,0.0772,0.0268,9430.0,3850.0,4430.0,2350.0,2,test
0.081,0.0769,0.0356,0.016,0.0,0.0687,0.0706,0.035,0.0156,0.012,4430.0,2350.0,,,1,train
0.0786,0.0789,0.0475,0.0502,0.0466,0.0666,0.0725,0.053,0.1474,0.0714,4430.0,2350.0,12180.0,4100.0,2,test
0.0,0.0103,0.0204,0.0442,0.0466,0.0,0.0139,0.0289,0.1412,0.0732,12180.0,4100.0,,,1,train
0.0,0.016,0.0471,0.1107,0.095,0.0,0.0202,0.0555,0.2124,0.1124,12180.0,4100.0,11680.0,2850.0,2,train
0.0,0.0165,0.0449,0.1324,0.2054,0.0,0.0196,0.0448,0.1145,0.1013,11680.0,2850.0,13680.0,1350.0,2,train
0.0,0.0,0.0168,0.0667,0.1595,0.0,0.0107,0.0158,0.0364,0.0596,13680.0,1350.0,,,1,train
0.0973,0.0812,0.0774,0.0421,0.0157,0.1266,0.1002,0.0895,0.0446,0.0171,2930.0,3350.0,8430.0,2850.0,2,train
0.019,0.0393,0.063,0.0409,0.018,0.0205,0.0472,0.074,0.044,0.0178,8430.0,2850.0,,,1,train
0.0149,0.0368,0.0691,0.0876,0.1724,0.0163,0.0453,0.0785,0.0731,0.0857,8430.0,2850.0,13930.0,1850.0,2,train
0.0093,0.011,0.0186,0.0611,0.1641,0.0087,0.0135,0.0184,0.044,0.0804,13930.0,1850.0,,,1,train
0.0,0.0,0.0142,0.0395,0.0714,0.0,0.0096,0.017,0.0704,0.1449,13680.0,3850.0,,,1,train
0.0254,0.0308,0.0227,0.0117,0.0,0.0393,0.1574,0.0466,0.0139,0.0,5930.0,4600.0,,,1,train
0.2153,0.0678,0.0315,0.0116,0.0,0.0737,0.1767,0.0525,0.0135,0.0,5930.0,4600.0,2180.0,600.0,2,train
0.3061,0.0921,0.0326,0.012,0.0,0.1206,0.0727,0.0309,0.0122,0.0,2180.0,600.0,1430.0,2600.0,2,train
0.1212,0.053,0.021,0.0,0.0,0.0838,0.0491,0.0212,0.0088,0.0,1430.0,2600.0,,,1,train
0.1287,0.0751,0.1043,0.0823,0.029,0.0901,0.0673,0.0587,0.0498,0.0238,1430.0,2600.0,9680.0,1600.0,2,train
0.1662,0.0727,0.1103,0.0858,0.309,0.0633,0.0573,0.0543,0.0481,0.0258,1430.0,1100.0,9680.0,1350.0,2,train
0.0468,0.1382,0.146,0.0943,0.0333,0.0365,0.0587,0.0662,0.0547,0.0275,9680.0,1350.0,6180.0,850.0,2,train
0.0833,0.1497,0.0747,0.025,0.0103,0.1418,0.1184,0.0538,0.0235,0.0121,6180.0,850.0,3930.0,4350.0,2,train
0.0,0.0098,0.018,0.058,0.1406,0.0,0.0107,0.0179,0.053,0.0996,13930.0,2350.0,,,1,train
0.0,0.0,0.034,0.1713,0.2085,0.0,0.0091,0.0267,0.0821,0.1286,13930.0,2350.0,12430.0,1100.0,2,train
0.063,0.1486,0.0516,0.1329,0.087,0.0324,0.0388,0.0347,0.046,0.0443,12430.0,1100.0,4930.0,600.0,2,test
0.0673,0.1472,0.0353,0.0134,0.0,0.0368,0.0395,0.0253,0.0132,0.0103,4930.0,600.0,,,1,train
0.1947,0.2145,0.0526,0.0165,0.0,0.0782,0.0712,0.0386,0.0156,0.0,4930.0,600.0,3430.0,850.0,2,train
0.1399,0.0801,0.0259,0.0105,0.0,0.0515,0.0428,0.0226,0.0108,0.0088,3430.0,850.0,,,1,train
0.2121,0.1289,0.0445,0.015,0.0,0.1296,0.0949,0.0416,0.0151,0.0,3430.0,850.0,3430.0,2850.0,2,train
0.0858,0.0595,0.0269,0.012,0.0,0.0897,0.0643,0.0284,0.0126,0.0095,3430.0,2850.0,,,1,train
0.1585,0.1488,0.0507,0.0169,0.0,0.1237,0.0967,0.0448,0.0166,0.0,3430.0,2850.0,4430.0,1100.0,2,test
0.0862,0.1073,0.0605,0.1384,0.0743,0.0461,0.0509,0.0451,0.0594,0.0472,4430.0,1100.0,11930.0,1600.0,2,train
0.0588,0.2002,0.0734,0.1403,0.0752,0.0362,0.048,0.0475,0.0609,0.0482,11930.0,1600.0,5430.0,600.0,2,train
0.0584,0.1916,0.0467,0.0169,0.0096,0.036,0.0428,0.03,0.0165,0.012,5430.0,600.0,,,1,train
0.0253,0.0353,0.0429,0.0354,0.0181,0.0484,0.2187,0.129,0.0735,0.0201,9430.0,4350.0,5430.0,5100.0,2,train
0.0268,0.0271,0.0197,0.012,0.0089,0.0477,0.1988,0.0319,0.0137,0.0116,5430.0,5100.0,,,1,train
0.1968,0.0683,0.028,0.0,0.0,0.0973,0.2229,0.0375,0.0092,0.0,5430.0,5100.0,1180.0,1100.0,2,train
0.1822,0.0543,0.0219,0.0105,0.0,0.0644,0.0403,0.0209,0.011,0.0099,1180.0,1100.0,,,1,train
0.1893,0.0737,0.0567,0.0366,0.0172,0.0732,0.075,0.1268,0.0542,0.0182,1180.0,1100.0,8680.0,3850.0,2,train
0.0203,0.0319,0.047,0.0379,0.022,0.022,0.048,0.1192,0.0563,0.023,8680.0,3850.0,,,1,train
0.0273,0.0555,0.0964,0.0689,0.0327,0.03,0.0757,0.1734,0.0886,0.0315,8680.0,3850.0,8680.0,2850.0,2,train
0.035,0.0844,0.2047,0.0618,0.0265,0.0325,0.0634,0.0933,0.0566,0.0249,8430.0,2850.0,7930.0,350.0,2,train
0.1074,0.0934,0.1677,0.0332,0.0127,0.113,0.0695,0.0447,0.0247,0.0134,7930.0,350.0,1680.0,3350.0,2,test
0.0952,0.0483,0.0219,0.0115,0.0,0.1041,0.0514,0.0234,0.0122,0.011,1680.0,3350.0,,,1,train
0.0999,0.0642,0.0627,0.0538,0.0272,0.1088,0.0729,0.0928,0.0776,0.0272,1680.0,3350.0,9680.0,3350.0,2,train
0.0151,0.0266,0.0512,0.0531,0.0304,0.0157,0.0336,0.0816,0.0769,0.031,9680.0,3350.0,,,1,train
0.047,0.0515,0.0615,0.0533,0.0269,0.1151,0.114,0.097,0.0773,0.027,9680.0,3350.0,4180.0,4850.0,2,train
0.0712,0.1282,0.0912,0.0292,0.0132,0.129,0.1234,0.0559,0.0261,0.0145,4180.0,4850.0,6680.0,850.0,2,train
0.0398,0.1031,0.0799,0.0273,0.0146,0.0312,0.0429,0.0388,0.0236,0.016,6680.0,850.0,,,1,train
0.0308,0.098,0.0796,0.0472,0.092,0.0231,0.0366,0.0376,0.0518,0.1752,6680.0,850.0,14680.0,3600.0,2,train
0.0161,0.0197,0.0184,0.037,0.0925,0.0136,0.0169,0.0191,0.0464,0.1755,14680.0,3600.0,,,1,train
0.183,0.0502,0.0213,0.0317,0.085,0.0505,0.0331,0.0196,0.0402,0.1689,14680.0,3600.0,1430.0,600.0,2,train
0.2618,0.1178,0.0418,0.015,0.0,0.1044,0.0788,0.0375,0.0148,0.0089,1430.0,600.0,3930.0,1850.0,2,train
0.0963,0.0813,0.0335,0.0157,0.0096,0.0632,0.0557,0.031,0.016,0.0121,3930.0,1850.0,,,1,train
0.1047,0.1035,0.0733,0.0472,0.022,0.0725,0.0897,0.1222,0.0656,0.0217,3930.0,1850.0,8930.0,3600.0,2,train
0.0137,0.0192,0.0277,0.09,0.1115,0.0122,0.018,0.0244,0.055,0.0642,12930.0,1850.0,,,1,train
0.0,0.01,0.0259,0.1169,0.2931,0.0,0.0,0.0206,0.0711,0.114,12930.0,1850.0,14430.0,1600.0,2,test
0.0114,0.0161,0.0177,0.0473,0.2085,0.0101,0.0146,0.017,0.0366,0.0716,14430.0,1600.0,,,1,train
0.0156,0.0301,0.0338,0.0521,0.2066,0.0219,0.0971,0.1083,0.0464,0.069,14430.0,1600.0,7430.0,4850.0,2,test
0.0272,0.0382,0.0343,0.0212,0.0118,0.0323,0.1051,0.1098,0.0281,0.0144,7430.0,4850.0,,,1,train
0.0719,0.065,0.0428,0.0203,0.0,0.1861,0.1489,0.1192,0.0266,0.0102,7430.0,4850.0,2930.0,4350.0,2,train
0.0605,0.0456,0.0221,0.0106,0.0,0.1694,0.0649,0.0245,0.0115,0.0096,2930.0,4350.0,,,1,train
0.177,0.1092,0.0385,0.0136,0.0,0.2036,0.0926,0.0368,0.0139,0.0,2930.0,4350.0,3430.0,850.0,2,train
0.1332,0.0825,0.0404,0.0894,0.1627,0.0492,0.0451,0.0326,0.0458,0.0576,3430.0,850.0,13430.0,1100.0,2,train
0.0288,0.0361,0.0363,0.0899,0.163,0.0416,0.197,0.047,0.0485,0.0589,13430.0,1100.0,5680.0,4850.0,2,train
0.1531,0.091,0.0396,0.0159,0.0,0.0959,0.2226,0.0514,0.0178,0.0098,5680.0,4850.0,2930.0,1600.0,2,test
0.1762,0.1119,0.048,0.0184,0.0,0.128,0.1211,0.0511,0.0193,0.0101,2930.0,1600.0,4680.0,3600.0,2,test
0.1563,0.059,0.0236,0.0114,0.0,0.0614,0.0415,0.022,0.0122,0.0109,1930.0,1350.0,,,1,train
0.215,0.096,0.0368,0.0123,0.0,0.1695,0.0915,0.0369,0.0127,0.0,1930.0,1350.0,2930.0,3600.0,2,train
0.0796,0.0266,0.0126,0.0,0.0,0.1274,0.0663,0.0286,0.0134,0.0102,2930.0,3600.0,,,1,train
0.1681,0.1024,0.0404,0.0133,0.0,0.1842,0.1031,0.0412,0.0136,0.0,2930.0,3600.0,2930.0,2350.0,2,test
0.1139,0.0694,0.0303,0.0142,0.0,0.0854,0.0591,0.0295,0.0149,0.0111,2930.0,2350.0,,,1,train
0.1086,0.0644,0.0285,0.0301,0.0777,0.08,0.0534,0.0269,0.0363,0.1948,2930.0,2350.0,15180.0,4100.0,2,test
0.0145,0.0179,0.0215,0.0604,0.2546,0.0125,0.0161,0.0211,0.0637,0.28,15180.0,4100.0,15930.0,1850.0,2,test
0.0131,0.0175,0.0186,0.0432,0.1914,0.0116,0.0154,0.0185,0.0404,0.1021,15930.0,1850.0,,,1,train
0.0741,0.1395,0.0359,0.0419,0.1867,0.0338,0.0352,0.0258,0.0377,0.0972,15930.0,1850.0,4680.0,350.0,2,test
0.128,0.0648,0.0281,0.0133,0.0,0.0885,0.0563,0.0276,0.014,0.0109,2180.0,2350.0,,,1,train
0.1597,0.086,0.0347,0.0121,0.0,0.2465,0.0954,0.0363,0.0124,0.0,2180.0,2350.0,2930.0,4600.0,2,train
0.0855,0.07,0.0365,0.0154,0.0,0.2649,0.1605,0.0472,0.0169,0.0093,2930.0,4600.0,4430.0,4850.0,2,train
0.0505,0.0478,0.0282,0.0147,0.0087,0.1063,0.1217,0.0373,0.0163,0.0114,4430.0,4850.0,,,1,train
0.0487,0.0771,0.0555,0.0242,0.0101,0.0453,0.0752,0.0546,0.0243,0.012,6180.0,2600.0,,,1,train
0.0458,0.0771,0.0713,0.0727,0.0596,0.0434,0.0779,0.0778,0.1493,0.0703,6180.0,2600.0,11930.0,3600.0,2,train
0.0164,0.0232,0.034,0.0627,0.0594,0.0144,0.0236,0.0424,0.1405,0.0716,11930.0,3600.0,,,1,train
0.1629,0.0744,0.0423,0.0601,0.054,0.0414,0.0413,0.0463,0.137,0.066,11930.0,3600.0,3180.0,350.0,2,train
0.1653,0.0734,0.0262,0.0128,0.0084,0.0452,0.0403,0.0231,0.0128,0.0116,3180.0,350.0,,,1,train
0.192,0.1255,0.068,0.025,0.0,0.075,0.1047,0.0698,0.0241,0.0089,3180.0,350.0,6430.0,2850.0,2,train
0.0469,0.0738,0.0585,0.027,0.0126,0.0463,0.0852,0.0642,0.0273,0.0142,6430.0,2850.0,,,1,train
0.1522,0.1232,0.0719,0.0281,0.01,0.1001,0.1184,0.0752,0.0279,0.0114,6430.0,2850.0,2930.0,1850.0,2,train
0.1224,0.0687,0.028,0.0132,0.0,0.0693,0.0529,0.0264,0.0131,0.0109,2930.0,1850.0,,,1,train
0.1319,0.0934,0.0754,0.0467,0.0203,0.0789,0.089,0.115,0.0585,0.02,2930.0,1850.0,8680.0,3350.0,2,train
0.024,0.0424,0.0613,0.0456,0.0228,0.0236,0.0544,0.1029,0.058,0.0232,8680.0,3350.0,,,1,test
0.021,0.0353,0.0456,0.0366,0.02,0.0214,0.0537,0.1414,0.0578,0.0216,8430.0,4100.0,,,1,train
0.0187,0.0326,0.0741,0.0908,0.0373,0.0168,0.0303,0.0467,0.0556,0.0315,10180.0,1600.0,,,1,train
0.1171,0.0923,0.0896,0.0908,0.0331,0.08,0.0739,0.0614,0.0557,0.0273,10180.0,1600.0,3430.0,2100.0,2,test
0.1627,0.1379,0.0605,0.0233,0.0109,0.1247,0.1199,0.0586,0.0236,0.0129,3430.0,2100.0,4930.0,2600.0,2,test
0.0658,0.0772,0.0406,0.0186,0.0105,0.0613,0.075,0.0407,0.0189,0.0131,4930.0,2600.0,,,1,train
0.0722,0.0915,0.0619,0.0326,0.0146,0.0701,0.1154,0.202,0.0449,0.016,4930.0,2600.0,8180.0,4600.0,2,train
0.0471,0.0494,0.0298,0.0154,0.0094,0.0676,0.0979,0.0379,0.0165,0.0123,4930.0,3850.0,,,1,train
0.0478,0.0538,0.0429,0.0568,0.0715,0.0714,0.1076,0.055,0.1199,0.1163,4930.0,3850.0,12930.0,3850.0,2,train
0.0126,0.018,0.025,0.0534,0.0733,0.011,0.0174,0.0284,0.1157,0.1183,12930.0,3850.0,,,1,train
0.0,0.019,0.0469,0.1052,0.1086,0.0,0.0197,0.0544,0.1922,0.1482,12930.0,3850.0,11430.0,3100.0,2,test
0.0102,0.0197,0.0365,0.0682,0.0508,0.0093,0.02,0.041,0.0984,0.0512,11430.0,3100.0,,,1,train
0.0088,0.022,0.0512,0.1273,0.1509,0.0016,0.0222,0.054,0.1521,0.1275,11430.0,3100.0,13180.0,2600.0,2,test
0.0793,0.0776,0.0482,0.0786,0.1142,0.0651,0.0662,0.0451,0.0747,0.0925,13180.0,2600.0,4180.0,2350.0,2,train
0.1326,0.174,0.075,0.026,0.0109,0.1026,0.1096,0.06,0.0245,0.0124,4180.0,2350.0,5430.0,1600.0,2,train
0.1518,0.2012,0.0744,0.0255,0.0105,0.0834,0.0925,0.0548,0.0235,0.0124,5430.0,1600.0,4180.0,850.0,2,train
0.2716,0.145,0.045,0.0164,0.0,0.0942,0.075,0.0373,0.016,0.0103,4180.0,850.0,430.0,100.0,2,test
0.1985,0.0727,0.0437,0.0243,0.0115,0.0697,0.0831,0.1713,0.0349,0.0135,430.0,100.0,8180.0,4600.0,2,train
0.0172,0.029,0.0378,0.0567,0.1485,0.0186,0.0535,0.1647,0.0684,0.1457,8180.0,4600.0,14930.0,2850.0,2,train
0.014,0.0181,0.0201,0.0472,0.1466,0.0125,0.0172,0.0194,0.0491,0.1444,14930.0,2850.0,,,1,train
0.0388,0.0406,0.0291,0.0454,0.1416,0.0807,0.1163,0.0363,0.0476,0.1391,14930.0,2850.0,4680.0,4600.0,2,train
0.056,0.0521,0.03,0.0127,0.0,0.1073,0.1479,0.0423,0.0145,0.0,4680.0,4600.0,,,1,train
0.1073,0.0918,0.0482,0.0192,0.0,0.1967,0.2137,0.0641,0.0213,0.0,4680.0,4600.0,3930.0,3850.0,2,train
0.0921,0.1188,0.0925,0.0353,0.0142,0.1301,0.1272,0.0732,0.0341,0.0131,3930.0,3850.0,6930.0,1850.0,2,train
0.0398,0.0809,0.0767,0.0316,0.0143,0.0344,0.0573,0.0523,0.0295,0.0137,6930.0,1850.0,,,1,test
0.117,0.1287,0.0927,0.0345,0.013,0.1256,0.1149,0.071,0.0327,0.0119,6930.0,1850.0,3430.0,3100.0,2,test
0.092,0.0662,0.0318,0.0159,0.0094,0.1049,0.076,0.0341,0.017,0.01,3430.0,3100.0,,,1,train
0.129,0.0934,0.0407,0.0136,0.0,0.2252,0.14,0.0473,0.0147,0.0,3430.0,3100.0,3680.0,4600.0,2,train
0.0571,0.0465,0.0264,0.0143,0.0083,0.1442,0.0881,0.0322,0.0158,0.0095,3680.0,4600.0,,,1,train
0.1106,0.1052,0.0585,0.0241,0.0091,0.215,0.205,0.077,0.027,0.0087,3680.0,4600.0,5180.0,3600.0,2,train
0.0706,0.0762,0.0473,0.0233,0.0122,0.0918,0.1415,0.0617,0.0256,0.0122,5180.0,3600.0,,,1,train
0.048,0.0552,0.0425,0.0636,0.1548,0.065,0.1031,0.0508,0.0516,0.0763,5180.0,3600.0,13930.0,1850.0,2,train
0.015,0.0271,0.061,0.1207,0.1908,0.0146,0.0305,0.0684,0.1399,0.1134,13930.0,1850.0,10930.0,3100.0,2,train
0.0123,0.0241,0.0511,0.0769,0.0518,0.0125,0.0279,0.0603,0.1101,0.051,10930.0,3100.0,,,1,train
0.0783,0.0734,0.0676,0.0793,0.0494,0.0904,0.0875,0.078,0.1119,0.0477,10930.0,3100.0,3930.0,3100.0,2,train
0.1492,0.1123,0.0491,0.0199,0.0095,0.1604,0.1251,0.0522,0.0209,0.0095,3930.0,3100.0,3430.0,2850.0,2,train
0.1318,0.1058,0.0505,0.0205,0.0088,0.1535,0.1465,0.0586,0.0219,0.009,3430.0,2850.0,4680.0,3600.0,2,train
0.0844,0.1296,0.1165,0.0379,0.0143,0.1003,0.1295,0.0719,0.0336,0.0126,4680.0,3600.0,7180.0,1100.0,2,train
0.0371,0.0886,0.0978,0.0331,0.0146,0.0303,0.048,0.0452,0.028,0.0138,7180.0,1100.0,,,1,train
0.0274,0.0372,0.0257,0.0,0.0,0.0452,0.1462,0.0534,0.0106,0.0,5930.0,4350.0,,,1,train
0.0377,0.0545,0.0647,0.0614,0.0376,0.0531,0.1663,0.1288,0.1464,0.0397,5930.0,4350.0,10430.0,4100.0,2,test
0.0145,0.0257,0.046,0.0558,0.0388,0.0148,0.0334,0.0885,0.1381,0.0418,10430.0,4100.0,,,1,train
0.0611,0.0553,0.03,0.0133,0.0,0.0961,0.1016,0.0371,0.0144,0.0,4430.0,3850.0,,,1,train
0.1971,0.0497,0.0192,0.09,0.0,0.0489,0.0356,0.0175,0.009,0.0,1680.0,100.0,,,1,train
0.2519,0.1308,0.0708,0.0281,0.0102,0.1169,0.1556,0.0805,0.0289,0.0092,1680.0,100.0,5680.0,3100.0,2,train
0.0483,0.0641,0.0405,0.0154,0.0,0.0541,0.0891,0.0481,0.0161,0.0,5680.0,3100.0,,,1,train
0.1106,0.1007,0.0561,0.0235,0.0094,0.1746,0.137,0.0653,0.0249,0.0092,5680.0,3100.0,2680.0,3850.0,2,test
0.0783,0.0683,0.1194,0.1286,0.0413,0.1388,0.0784,0.0592,0.0558,0.0307,2680.0,3850.0,10180.0,600.0,2,train
0.0159,0.0301,0.0913,0.1068,0.0377,0.0145,0.0268,0.0397,0.0469,0.0292,10180.0,600.0,,,1,train
0.0,0.025,0.0969,0.1531,0.1762,0.0,0.0215,0.0429,0.0742,0.0831,10180.0,600.0,13680.0,1600.0,2,train
0.0,0.0114,0.0208,0.0665,0.1544,0.0,0.0124,0.0188,0.0446,0.0694,13680.0,1600.0,,,1,train
0.0131,0.035,0.0623,0.0477,0.0235,0.0154,0.0439,0.086,0.0591,0.0228,8930.0,3100.0,,,1,train
0.0144,0.0357,0.0695,0.0839,0.1602,0.0159,0.0445,0.0916,0.0909,0.117,8930.0,3100.0,14430.0,2350.0,2,train
0.0351,0.0766,0.0787,0.066,0.1512,0.0307,0.0542,0.0548,0.0619,0.1078,14430.0,2350.0,6930.0,1850.0,2,train
0.0347,0.0752,0.0761,0.0546,0.1126,0.0303,0.0533,0.0527,0.0595,0.2117,6930.0,1850.0,15930.0,4100.0,2,train
0.011,0.0128,0.0171,0.0382,0.1086,0.0101,0.0142,0.0177,0.0456,0.2056,15930.0,4100.0,,,1,train
0.033,0.0714,0.1091,0.0674,0.2068,0.0285,0.0479,0.0537,0.057,0.0858,7680.0,1350.0,14930.0,0.0287,2,train
0.0122,0.0139,0.0178,0.0422,0.199,0.011,0.0154,0.0178,0.0372,0.0805,14930.0,1600.0,,,1,train
0.0094,0.0206,0.0372,0.0431,0.0279,0.0107,0.0295,0.0865,0.1105,0.0307,10180.0,4350.0,,,1,train
0.031,0.0418,0.0478,0.0445,0.0259,0.054,0.1937,0.1069,0.1115,0.028,10180.0,4350.0,5430.0,4850.0,2,train
0.0353,0.0372,0.0257,0.0155,0.0104,0.0555,0.1797,0.0394,0.0176,0.011,5430.0,4850.0,,,1,train
0.0308,0.0368,0.0388,0.053,0.054,0.0509,0.1744,0.0577,0.1358,0.0726,5430.0,4850.0,12180.0,3850.0,2,train
0.0123,0.0171,0.0286,0.0515,0.0562,0.0112,0.0175,0.0353,0.1332,0.0749,12180.0,3850.0,,,1,train
0.0509,0.0371,0.0309,0.0474,0.0499,0.1583,0.0528,0.0394,0.1293,0.0688,12180.0,3850.0,2680.0,4350.0,2,train
0.0583,0.0404,0.0191,0.0003,0.0,0.1615,0.0539,0.0217,0.0091,0.0,2680.0,4350.0,,,1,train
0.3068,0.1069,0.0357,0.0111,0.0,0.1144,0.0745,0.0326,0.011,0.0,2430.0,1850.0,1930.0,850.0,2,test
0.1996,0.0607,0.0227,0.01,0.0,0.0595,0.0409,0.0211,0.01,0.0,1930.0,850.0,,,1,train
0.2065,0.0771,0.053,0.034,0.0159,0.068,0.0738,0.1321,0.0518,0.0156,1930.0,850.0,8680.0,4100.0,2,train
0.1999,0.0667,0.0264,0.0128,0.0,0.0699,0.0473,0.0243,0.0127,0.0,1680.0,1100.0,,,1,train
0.2685,0.1739,0.043,0.0122,0.0,0.0958,0.0701,0.0335,0.0113,0.0,1680.0,1100.0,4430.0,100.0,2,train
0.0916,0.1288,0.0331,0.0149,0.0,0.0415,0.0393,0.0256,0.0146,0.009,4430.0,100.0,,,1,train
0.0872,0.1252,0.0384,0.0653,0.2009,0.0368,0.0381,0.0286,0.042,0.0634,4430.0,100.0,13930.0,1350.0,2,train
0.0113,0.0136,0.022,0.0646,0.2021,0.0108,0.0155,0.0197,0.0424,0.0668,13930.0,1350.0,,,1,train
0.0425,0.0358,0.0284,0.0627,0.1988,0.1383,0.0779,0.0308,0.0406,0.0624,13930.0,1350.0,3680.0,4850.0,2,train
0.0517,0.0427,0.0265,0.0166,0.0125,0.1441,0.0849,0.0323,0.0189,0.0139,3680.0,4850.0,,,1,train
0.0447,0.0378,0.0294,0.0546,0.1552,0.1385,0.079,0.0331,0.0479,0.09,3680.0,4850.0,14180.0,2100.0,2,train
0.0265,0.0378,0.0375,0.0224,0.0114,0.0314,0.0955,0.0997,0.0297,0.012,7180.0,4350.0,,,1,train
0.0788,0.0789,0.0546,0.0265,0.0105,0.1241,0.1707,0.1199,0.0335,0.0105,7180.0,4350.0,4180.0,3850.0,2,train
0.064,0.0553,0.0297,0.014,0.0,0.1056,0.0964,0.0358,0.0154,0.0,4180.0,3850.0,,,1,train
0.0591,0.0517,0.0326,0.0436,0.1553,0.1014,0.0927,0.0375,0.0412,0.0924,4180.0,3850.0,14930.0,2100.0,2,train
0.1078,0.0573,0.0307,0.0435,0.1557,0.1045,0.0582,0.0302,0.0408,0.0929,14930.0,2100.0,1930.0,3100.0,2,train
0.1078,0.0573,0.0238,0.0094,0.0,0.1052,0.0587,0.0246,0.01,0.0,1930.0,3100.0,,,1,train
0.1215,0.0869,0.0725,0.0399,0.0167,0.119,0.0983,0.0946,0.0453,0.0155,1930.0,3100.0,8180.0,3100.0,2,train
0.0296,0.0535,0.0609,0.0322,0.0147,0.03,0.0636,0.0696,0.0344,0.0142,7430.0,2850.0,,,1,test
0.0,0.0,0.0104,0.0304,0.0867,0.0,0.0,0.0107,0.0367,0.1684,15430.0,3850.0,,,1,train
0.0,0.0,0.029,0.1081,0.1637,0.0,0.0,0.024,0.0773,0.2093,15430.0,3850.0,12680.0,1850.0,2,train
0.0,0.0137,0.0299,0.0915,0.095,0.0,0.015,0.0252,0.0557,0.0587,12680.0,1850.0,,,1,train
0.0,0.0132,0.0484,0.1965,0.127,0.0,0.0136,0.0334,0.0764,0.076,12680.0,1850.0,11680.0,1100.0,2,train
0.0092,0.0156,0.0343,0.1271,0.0477,0.009,0.016,0.0235,0.0378,0.031,11680.0,1100.0,,,1,test
0.0,0.009,0.0371,0.1548,0.1479,0.0,0.0095,0.0262,0.0746,0.1592,11680.0,1100.0,14430.0,3100.0,2,train
0.0,0.0115,0.0401,0.1608,0.1778,0.0,0.0124,0.031,0.0873,0.1729,14430.0,3100.0,12180.0,1350.0,2,train
0.0106,0.0176,0.0372,0.1327,0.0817,0.0103,0.0184,0.0286,0.0517,0.0484,12180.0,1350.0,,,1,train
0.0,0.0267,0.0934,0.216,0.104,0.0026,0.0244,0.0492,0.0801,0.0631,12180.0,1350.0,10430.0,1100.0,2,train
0.1114,0.1206,0.0952,0.1094,0.0355,0.0577,0.0635,0.0541,0.0488,0.0265,10430.0,1100.0,4180.0,1100.0,2,train
0.112,0.1185,0.0592,0.0386,0.0214,0.0602,0.0744,0.1342,0.076,0.0219,4180.0,1100.0,9430.0,4600.0,2,train
0.0167,0.0254,0.0368,0.0343,0.0219,0.0173,0.0381,0.119,0.073,0.0234,9430.0,4600.0,,,1,train
0.0174,0.0414,0.073,0.0617,0.0328,0.0213,0.0657,0.1983,0.1145,0.0329,9430.0,4600.0,8930.0,3600.0,2,train
0.0097,0.0111,0.013,0.0223,0.043,0.0093,0.0128,0.0138,0.0353,0.2429,14430.0,4350.0,,,1,train
0.0,0.0,0.0271,0.0868,0.1175,0.0,0.0,0.0245,0.0846,0.2881,14430.0,4350.0,12680.0,2350.0,2,train
0.0,0.0144,0.0298,0.0784,0.0892,0.0,0.0159,0.0271,0.0665,0.0639,12680.0,2350.0,,,1,train
0.054,0.0398,0.0188,0.0088,0.0,0.1474,0.066,0.0225,0.01,0.0,3180.0,4350.0,,,1,train
0.0503,0.0357,0.0192,0.0332,0.187,0.144,0.0612,0.0213,0.0282,0.0722,3180.0,4350.0,15180.0,1600.0,2,train
0.0143,0.0152,0.0184,0.0399,0.1919,0.0124,0.0165,0.018,0.036,0.0794,15180.0,1600.0,,,1,train
0.0,0.0159,0.0344,0.0548,0.1981,0.0,0.03,0.1469,0.0814,0.0862,15180.0,1600.0,9180.0,4850.0,2,train
0.014,0.0238,0.0344,0.0306,0.0183,0.015,0.0378,0.1463,0.0637,0.0184,9180.0,4850.0,,,1,train
0.0202,0.0447,0.134,0.1013,0.0395,0.0207,0.0518,0.17,0.0902,0.0324,9180.0,4850.0,9680.0,850.0,2,train
0.0335,0.0884,0.2017,0.1046,0.0365,0.0286,0.0547,0.0681,0.0575,0.0275,9680.0,850.0,7680.0,1100.0,2,train
0.0624,0.0978,0.1217,0.0385,0.0156,0.0919,0.1596,0.067,0.0332,0.0132,7680.0,1100.0,4930.0,4600.0,2,train
0.0446,0.043,0.0259,0.0132,0.0,0.0787,0.1346,0.0375,0.0152,0.0,4930.0,4600.0,,,1,train
0.0443,0.0501,0.0637,0.1205,0.049,0.0784,0.1397,0.0582,0.0565,0.0341,4930.0,4600.0,11180.0,1600.0,2,train
0.0117,0.0204,0.0504,0.1161,0.0499,0.0112,0.0206,0.0338,0.0527,0.0361,11180.0,1600.0,,,1,train
0.1308,0.1004,0.0677,0.1199,0.0489,0.0539,0.0542,0.0472,0.055,0.0343,11180.0,1600.0,3680.0,850.0,2,train
0.1256,0.09,0.0271,0.0097,0.0,0.0506,0.0443,0.0223,0.0105,0.0,3680.0,850.0,,,1,train
0.0128,0.0131,0.0167,0.0451,0.2191,0.0115,0.0143,0.0153,0.0303,0.0502,14180.0,1100.0,,,1,test
0.0,0.0129,0.0593,0.1248,0.2475,0.0,0.0129,0.0385,0.072,0.0715,14180.0,1100.0,10680.0,1850.0,2,train
0.029,0.0621,0.1027,0.1114,0.0461,0.0294,0.0646,0.0848,0.0739,0.0374,10680.0,1850.0,7430.0,2600.0,2,train
0.0284,0.0515,0.0583,0.0288,0.0128,0.0284,0.0551,0.0579,0.03,0.013,7430.0,2600.0,,,1,train
0.0394,0.0717,0.0805,0.0401,0.0157,0.0444,0.1208,0.1471,0.0475,0.0148,7430.0,2600.0,7430.0,4350.0,2,train
0.0246,0.0358,0.0364,0.0228,0.0118,0.0296,0.0853,0.1074,0.0312,0.0126,7430.0,4350.0,,,1,train
0.0638,0.066,0.0485,0.024,0.0078,0.1337,0.1676,0.1242,0.0319,0.0087,7430.0,4350.0,4180.0,4600.0,2,train
0.0052,0.0475,0.0272,0.0146,0.0089,0.12,0.1061,0.0345,0.0164,0.0098,4180.0,4600.0,,,1,train
0.1817,0.0545,0.0199,0.009,0.0,0.0584,0.0399,0.0188,0.0097,0.0,680.0,600.0,,,1,train
0.0272,0.0474,0.0567,0.0321,0.0141,0.0287,0.0625,0.0763,0.0363,0.0144,7680.0,3100.0,,,1,train
0.0842,0.138,0.0946,0.044,0.0195,0.0702,0.1124,0.1045,0.0473,0.018,7680.0,3100.0,5430.0,1850.0,2,train
0.0669,0.1093,0.0691,0.0743,0.0742,0.0524,0.0706,0.063,0.1191,0.0872,5430.0,1850.0,12430.0,3350.0,2,train
0.0,0.0136,0.0293,0.064,0.0722,0.0,0.0163,0.033,0.1101,0.0868,12430.0,3350.0,,,1,train
0.0424,0.0358,0.0331,0.0568,0.0617,0.1923,0.0654,0.0393,0.0967,0.0735,12430.0,3350.0,3180.0,4850.0,2,train
0.1161,0.0453,0.0237,0.0354,0.0964,0.066,0.0445,0.0236,0.0406,0.1471,1930.0,2100.0,14680.0,3100.0,2,train
0.0184,0.0435,0.1075,0.0642,0.1541,0.0178,0.0344,0.0457,0.052,0.1085,8430.0,1350.0,15430.0,2100.0,2,train
0.0,0.009,0.0132,0.0315,0.0891,0.0,0.0104,0.0136,0.0377,0.1755,15930.0,4350.0,,,1,test
0.0,0.0,0.0124,0.0353,0.1169,0.0,0.0,0.0124,0.0385,0.1388,15930.0,3100.0,,,1,train
0.0,0.0,0.0113,0.0357,0.1748,0.0,0.0,0.0108,0.0323,0.0849,15930.0,1600.0,,,1,train
0.0,0.0,0.0108,0.0349,0.1878,0.0,0.0,0.0103,0.0306,0.0764,15680.0,1100.0,,,1,train
0.0,0.0,0.0109,0.0354,0.1753,0.0,0.0,0.0105,0.032,0.084,15680.0,1600.0,,,1,train
0.0,0.0,0.0114,0.0384,0.1511,0.0,0.0,0.011,0.0383,0.1158,15680.0,2350.0,,,1,test
0.0,0.0,0.0121,0.0366,0.1254,0.0,0.0,0.0121,0.0392,0.1296,15680.0,2850.0,,,1,train
0.0,0.0,0.0142,0.0357,0.1075,0.0,0.0,0.0144,0.0407,0.1496,15680.0,3350.0,,,1,train
0.0,0.0,0.012,0.0317,0.0912,0.0,0.0,0.0125,0.0382,0.1682,15680.0,3850.0,,,1,train
0.0,0.0,0.0106,0.0308,0.0907,0.0,0.0,0.0109,0.038,0.19,15680.0,4350.0,,,1,train
0.0,0.0,0.0104,0.0284,0.0792,0.0,0.0,0.0108,0.0355,0.1861,15430.0,4350.0,,,1,train
0.0,0.0,0.0117,0.037,0.1167,0.0,0.0,0.0116,0.0429,0.1662,15430.0,3350.0,,,1,train
0.0,0.0,0.0131,0.0382,0.1352,0.0,0.0,0.0128,0.0393,0.1156,15430.0,2600.0,,,1,train
0.0,0.0,0.0125,0.0371,0.18,0.0,0.0,0.012,0.0338,0.0814,15430.0,1600.0,,,1,train
0.0,0.0,0.0118,0.035,0.1934,0.0,0.0,0.0113,0.0305,0.0717,15430.0,1100.0,,,1,train
0.0,0.0,0.0138,0.0545,0.1813,0.0,0.0,0.0115,0.0307,0.0471,13930.0,850.0,,,1,train
0.0,0.0,0.0117,0.0337,0.1011,0.0,0.0,0.012,0.04,0.1497,15180.0,3350.0,,,1,train
0.0,0.0,0.0113,0.03,0.0818,0.0,0.0,0.0119,0.038,0.1742,15180.0,3850.0,,,1,train
0.0,0.0,0.0107,0.0327,0.1069,0.0,0.0,0.0107,0.0374,0.1476,15930.0,3350.0,,,1,train
0.0,0.0,0.0096,0.0227,0.0551,0.0,0.0,0.0102,0.0305,0.2245,14930.0,4350.0,,,1,train
0.0,0.0,0.0102,0.0312,0.0874,0.0,0.0,0.0106,0.0393,0.1598,14930.0,3600.0,,,1,train
0.0,0.0,0.012,0.0382,0.133,0.0,0.0,0.0117,0.0393,0.1122,15180.0,2600.0,,,1,train
0.0,0.0,0.0134,0.0451,0.1499,0.0,0.0,0.0125,0.0395,0.084,14430.0,2100.0,,,1,train
0.0,0.0,0.0174,0.0593,0.137,0.0,0.0,0.0163,0.0597,0.1128,13930.0,2600.0,,,1,train
0.0,0.0,0.017,0.0365,0.0584,0.0,0.0099,0.0197,0.0754,0.15,13680.0,4600.0,,,1,train
0.0,0.0,0.0191,0.0557,0.1108,0.0,0.009,0.0182,0.0555,0.0913,13680.0,2600.0,,,1,test
0.0,0.0,0.0194,0.0673,0.1578,0.0,0.0091,0.0161,0.0369,0.0503,13680.0,850.0,,,1,test
0.1735,0.0522,0.0173,0.0,0.0,0.0564,0.039,0.0162,0.0,0.0,180.0,100.0,,,1,train
0.1755,0.0538,0.0189,0.0,0.0,0.0579,0.0409,0.018,0.0,0.0,680.0,350.0,,,1,train
0.1751,0.0533,0.0194,0.0,0.0,0.057,0.0406,0.0186,0.0,0.0,680.0,100.0,,,1,test
0.1715,0.0532,0.0196,0.0,0.0,0.0573,0.0408,0.0187,0.0,0.0,680.0,600.0,,,1,train
0.1682,0.0531,0.0194,0.0,0.0,0.058,0.0407,0.0187,0.0,0.0,680.0,850.0,,,1,train
0.1666,0.0556,0.0215,0.0,0.0,0.0615,0.0439,0.0209,0.0,0.0,680.0,1100.0,,,1,train
0.1547,0.0551,0.0209,0.0,0.0,0.0642,0.0441,0.0202,0.0,0.0,930.0,1600.0,,,1,train
0.1657,0.0487,0.0188,0.0,0.0,0.0507,0.037,0.0182,0.0,0.0,1180.0,350.0,,,1,train
0.0615,0.0411,0.0186,0.0,0.0,0.16,0.0574,0.0215,0.0,0.0,2180.0,4350.0,,,1,train
0.0383,0.0285,0.0143,0.0,0.0,0.2137,0.0439,0.017,0.0,0.0,2430.0,4850.0,,,1,test
0.0389,0.0291,0.0141,0.0,0.0,0.2143,0.0453,0.0171,0.0,0.0,2680.0,4850.0,,,1,train
0.0315,0.0253,0.0131,0.0,0.0,0.2147,0.0436,0.0162,0.0,0.0,2930.0,5100.0,,,1,train
0.0368,0.0281,0.0134,0.0,0.0,0.195,0.0495,0.0171,0.0,0.0,2930.0,4850.0,,,1,train
0.0399,0.0323,0.0157,0.0,0.0,0.1569,0.0677,0.0211,0.0,0.0,3430.0,5100.0,,,1,train
0.0421,0.0353,0.0179,0.0,0.0,0.1319,0.0764,0.024,0.0,0.0,3680.0,5100.0,,,1,train
0.0458,0.0321,0.0152,0.0,0.0,0.1757,0.048,0.0181,0.0,0.0,2430.0,4600.0,,,1,train
0.046,0.0427,0.023,0.0,0.0,0.0866,0.101,0.0321,0.0093,0.0,4430.0,4350.0,,,1,train
0.0573,0.0462,0.0234,0.0094,0.0,0.1125,0.0785,0.0288,0.0103,0.0,3680.0,4100.0,,,1,train
0.0607,0.0441,0.0208,0.0,0.0,0.1301,0.0675,0.0246,0.0089,0.0,3180.0,4100.0,,,1,train
0.0638,0.0435,0.0206,0.0077,0.0,0.1368,0.0595,0.0235,0.0091,0.0,2680.0,4100.0,,,1,train
0.07,0.0443,0.0206,0.0088,0.0,0.1173,0.0543,0.0226,0.0094,0.0,2180.0,3850.0,,,1,test
0.1016,0.0537,0.0216,0.0,0.0,0.0857,0.0523,0.0222,0.0,0.0,2180.0,2850.0,,,1,train
0.094,0.0538,0.0225,0.002,0.0,0.0963,0.0565,0.0236,0.0088,0.0,2430.0,3100.0,,,1,train
0.0793,0.049,0.0221,0.0087,0.0,0.1148,0.0585,0.0239,0.0091,0.0,2430.0,3600.0,,,1,test
0.0963,0.0563,0.0233,0.0089,0.0,0.0873,0.0563,0.0241,0.0093,0.0,2680.0,2850.0,,,1,train
0.0713,0.0554,0.0257,0.0096,0.0,0.0928,0.0719,0.0287,0.0102,0.0,3680.0,3350.0,,,1,train
0.0616,0.0582,0.0301,0.0119,0.0,0.076,0.0829,0.0352,0.0126,0.0,4430.0,3350.0,,,1,train
0.1392,0.056,0.0218,0.0084,0.0,0.0649,0.0453,0.021,0.0091,0.0,1680.0,1850.0,,,1,train
0.2158,0.0434,0.0173,0.0,0.0,0.0337,0.0293,0.0163,0.0086,0.0,2430.0,350.0,,,1,train
0.1652,0.0553,0.0182,0.0,0.0,0.044,0.0342,0.0162,0.0,0.0,2430.0,850.0,,,1,train
0.1427,0.0573,0.0199,0.0,0.0,0.0527,0.0397,0.0183,0.0,0.0,2430.0,1350.0,,,1,train
0.1663,0.0642,0.0214,0.0,0.0,0.0435,0.0374,0.0187,0.0,0.0,2930.0,600.0,,,1,train
0.1417,0.0665,0.0234,0.0016,0.0,0.0506,0.042,0.0209,0.0089,0.0,2930.0,1100.0,,,1,train
0.1163,0.1034,0.029,0.0103,0.0,0.0419,0.041,0.0228,0.0099,0.0,3930.0,100.0,,,1,train
0.1323,0.098,0.0337,0.0108,0.0,0.0686,0.0605,0.0294,0.0106,0.0,3680.0,1600.0,,,1,train
0.0884,0.0689,0.0309,0.0139,0.0,0.0703,0.0615,0.0306,0.0142,0.0,3680.0,2350.0,,,1,train
0.0405,0.0459,0.0312,0.0149,0.0,0.0588,0.1256,0.0477,0.017,0.0,5430.0,4100.0,,,1,train
0.0362,0.1308,0.0713,0.0212,0.0,0.0257,0.0373,0.0311,0.0174,0.0,6430.0,100.0,,,1,train
0.0304,0.1026,0.0929,0.0252,0.0,0.0221,0.0357,0.0326,0.0195,0.0,6930.0,100.0,,,1,train
0.0265,0.0439,0.0426,0.0234,0.0092,0.0316,0.0817,0.0776,0.028,0.0093,6930.0,3600.0,,,1,train
0.0223,0.0288,0.0248,0.0156,0.0,0.0306,0.1873,0.0561,0.0192,0.0,6180.0,5100.0,,,1,train
0.0206,0.0298,0.028,0.0165,0.0,0.0275,0.1181,0.094,0.0231,0.0,6930.0,5100.0,,,1,train
0.0182,0.0276,0.0293,0.0183,0.0,0.0219,0.0751,0.1383,0.0279,0.0,7680.0,4850.0,,,1,train
0.012,0.02,0.0332,0.0377,0.0224,0.0121,0.0282,0.0883,0.1105,0.0248,10180.0,4850.0,,,1,train
0.009,0.0171,0.0339,0.0529,0.0403,0.0093,0.0206,0.0469,0.1169,0.0437,11180.0,3600.0,,,1,train
0.0,0.0123,0.0208,0.0338,0.035,0.0,0.0145,0.0274,0.1926,0.0497,11930.0,4600.0,,,1,train
0.0,0.0088,0.0169,0.0391,0.0622,0.0,0.0103,0.0195,0.084,0.1371,13430.0,4350.0,,,1,train
0.0126,0.0464,0.1685,0.0315,0.0133,0.0101,0.0227,0.0275,0.0208,0.0119,8180.0,350.0,,,1,train
0.0125,0.0308,0.1168,0.0682,0.0202,0.0113,0.0233,0.034,0.032,0.0142,9430.0,850.0,,,1,train
0.0158,0.0507,0.1198,0.0406,0.017,0.0133,0.0303,0.0389,0.0289,0.0147,8180.0,1100.0,,,1,train
0.0136,0.0305,0.0732,0.0681,0.0297,0.013,0.0298,0.0524,0.0531,0.0244,9680.0,2100.0,,,1,test
0.0122,0.0273,0.0923,0.1031,0.033,0.0115,0.0236,0.0356,0.0406,0.0242,10180.0,350.0,,,1,train
0.0089,0.0154,0.0324,0.0924,0.0763,0.0,0.0165,0.0286,0.0623,0.0546,12180.0,2100.0,,,1,train
